alpha,CL,CD,CDp,CM,Top_Xtr,Bot_Xtr,Top_Itr,Bot_Itr
0.000,0.0000,0.02079,0.00828,-0.0000,1.0000,1.0000,1.0000,160.0000
0.100,-0.0054,0.02080,0.00829,0.0020,1.0000,1.0000,1.0000,160.0000
0.200,-0.0105,0.02082,0.00831,0.0039,1.0000,1.0000,1.0000,160.0000
0.300,-0.0152,0.02087,0.00834,0.0058,1.0000,1.0000,1.0000,160.0000
0.400,-0.0193,0.02093,0.00839,0.0076,1.0000,1.0000,1.0000,160.0000
0.500,-0.0227,0.02101,0.00845,0.0092,1.0000,1.0000,1.0000,160.0000
0.600,-0.0253,0.02111,0.00853,0.0107,1.0000,1.0000,1.0000,160.0000
0.700,-0.0271,0.02123,0.00863,0.0121,1.0000,1.0000,1.0000,160.0000
0.800,-0.0283,0.02136,0.00874,0.0133,1.0000,1.0000,1.0000,160.0000
0.900,-0.0289,0.02152,0.00887,0.0145,1.0000,1.0000,1.0000,160.0000
1.000,-0.0288,0.02169,0.00902,0.0155,1.0000,1.0000,1.0000,160.0000
1.100,-0.0280,0.02189,0.00918,0.0163,1.0000,1.0000,1.0000,160.0000
1.200,-0.0266,0.02210,0.00937,0.0171,1.0000,1.0000,1.0000,160.0000
1.300,-0.0247,0.02233,0.00958,0.0177,1.0000,1.0000,1.0000,160.0000
1.400,-0.0095,0.02267,0.00991,0.0159,0.9959,1.0000,1.4957,160.0000
1.500,0.0239,0.02314,0.01040,0.0110,0.9856,1.0000,2.5337,160.0000
1.600,0.0565,0.02356,0.01084,0.0063,0.9750,1.0000,3.4092,160.0000
1.700,0.0896,0.02393,0.01124,0.0016,0.9643,1.0000,4.1985,160.0000
1.800,0.1245,0.02424,0.01159,-0.0033,0.9534,1.0000,4.9478,160.0000
1.900,0.1535,0.02446,0.01185,-0.0070,0.9410,1.0000,5.7511,160.0000
2.000,0.1840,0.02464,0.01207,-0.0108,0.9287,1.0000,6.5223,160.0000
2.100,0.2199,0.02474,0.01223,-0.0155,0.9171,1.0000,7.2434,160.0000
2.200,0.2637,0.02470,0.01228,-0.0213,0.9055,1.0000,7.9500,160.0000
2.300,0.2941,0.02465,0.01230,-0.0246,0.8918,1.0000,8.7767,160.0000
2.400,0.3228,0.02454,0.01225,-0.0274,0.8783,1.0000,9.5942,160.0000
2.500,0.3519,0.02434,0.01211,-0.0300,0.8649,1.0000,10.4029,160.0000
2.600,0.3806,0.02406,0.01189,-0.0323,0.8517,1.0000,11.1943,160.0000
2.700,0.4070,0.02372,0.01160,-0.0340,0.8385,1.0000,11.9866,160.0000
2.800,0.4218,0.02360,0.01149,-0.0340,0.8237,1.0000,12.8723,160.0000
2.900,0.4356,0.02348,0.01137,-0.0337,0.8090,1.0000,13.7523,160.0000
3.000,0.4486,0.02336,0.01123,-0.0332,0.7945,1.0000,14.6221,160.0000
3.100,0.4608,0.02323,0.01109,-0.0325,0.7801,1.0000,15.4835,160.0000
3.200,0.4724,0.02310,0.01092,-0.0316,0.7659,1.0000,16.3356,160.0000
3.300,0.4836,0.02296,0.01074,-0.0306,0.7518,1.0000,17.1775,160.0000
3.400,0.4945,0.02281,0.01053,-0.0295,0.7379,1.0000,18.0132,160.0000
3.500,0.5028,0.02279,0.01045,-0.0282,0.7226,1.0000,18.9287,160.0000
3.600,0.5108,0.02278,0.01039,-0.0269,0.7071,1.0000,19.8540,160.0000
3.700,0.5188,0.02279,0.01032,-0.0256,0.6916,1.0000,20.7841,160.0000
3.800,0.5268,0.02280,0.01026,-0.0243,0.6759,1.0000,21.7216,160.0000
3.900,0.5347,0.02283,0.01019,-0.0229,0.6601,1.0000,22.6680,160.0000
4.000,0.5426,0.02287,0.01013,-0.0217,0.6442,1.0000,23.6234,160.0000
4.100,0.5504,0.02292,0.01008,-0.0204,0.6280,1.0000,24.5925,160.0000
4.200,0.5582,0.02299,0.01003,-0.0191,0.6116,1.0000,25.5776,160.0000
4.300,0.5659,0.02308,0.00999,-0.0179,0.5950,1.0000,26.5731,160.0000
4.400,0.5736,0.02318,0.00996,-0.0166,0.5781,1.0000,27.5856,160.0000
4.500,0.5812,0.02330,0.00993,-0.0154,0.5610,1.0000,28.6141,160.0000
4.600,0.5888,0.02343,0.00992,-0.0142,0.5438,1.0000,29.6502,160.0000
4.700,0.5963,0.02359,0.00992,-0.0131,0.5264,1.0000,30.6981,160.0000
4.800,0.6038,0.02376,0.00991,-0.0119,0.5088,1.0000,31.7562,160.0000
4.900,0.6113,0.02395,0.00993,-0.0108,0.4913,1.0000,32.8147,160.0000
5.000,0.6188,0.02416,0.00994,-0.0097,0.4737,1.0000,33.8761,160.0000
5.100,0.6263,0.02440,0.00997,-0.0087,0.4562,1.0000,34.9357,160.0000
5.200,0.6337,0.02466,0.01002,-0.0076,0.4389,1.0000,35.9867,160.0000
5.300,0.6408,0.02496,0.01014,-0.0066,0.4213,1.0000,37.0555,160.0000
5.400,0.6478,0.02529,0.01029,-0.0056,0.4040,1.0000,38.1094,160.0000
5.500,0.6550,0.02564,0.01044,-0.0047,0.3873,1.0000,39.1281,160.0000
5.600,0.6623,0.02600,0.01060,-0.0038,0.3711,1.0000,40.1172,160.0000
5.700,0.6697,0.02638,0.01074,-0.0029,0.3556,1.0000,41.0656,160.0000
5.800,0.6772,0.02679,0.01093,-0.0021,0.3409,1.0000,41.9717,160.0000
5.900,0.6842,0.02723,0.01125,-0.0012,0.3263,1.0000,42.8675,160.0000
6.000,0.6913,0.02771,0.01158,-0.0004,0.3126,1.0000,43.7187,160.0000
6.100,0.6987,0.02822,0.01193,0.0004,0.3000,1.0000,44.4954,160.0000
6.200,0.7068,0.02872,0.01217,0.0011,0.2888,1.0000,45.1932,160.0000
6.300,0.7147,0.02920,0.01243,0.0017,0.2777,1.0000,45.8873,160.0000
6.400,0.7216,0.02980,0.01298,0.0025,0.2671,1.0000,46.5514,160.0000
6.500,0.7304,0.03036,0.01322,0.0030,0.2582,1.0000,47.1101,160.0000
6.600,0.7374,0.03096,0.01380,0.0038,0.2488,1.0000,47.6966,160.0000
6.700,0.7456,0.03159,0.01419,0.0043,0.2409,1.0000,48.2003,160.0000
6.800,0.7530,0.03221,0.01474,0.0050,0.2329,1.0000,48.7065,160.0000
6.900,0.7616,0.03290,0.01513,0.0055,0.2263,1.0000,49.1265,160.0000
7.000,0.7681,0.03364,0.01592,0.0062,0.2193,1.0000,49.5697,160.0000
7.100,0.7780,0.03422,0.01604,0.0065,0.2132,1.0000,49.9639,160.0000
7.200,0.7833,0.03513,0.01711,0.0074,0.2077,1.0000,50.3181,160.0000
7.300,0.7908,0.03588,0.01778,0.0080,0.2023,1.0000,50.6648,160.0000
7.400,0.8012,0.03656,0.01790,0.0082,0.1972,1.0000,50.9891,160.0000
7.500,0.8051,0.03759,0.01920,0.0091,0.1930,1.0000,51.2646,160.0000
7.600,0.8111,0.03848,0.02010,0.0098,0.1885,1.0000,51.5552,160.0000
7.700,0.8200,0.03917,0.02052,0.0102,0.1843,1.0000,51.8290,160.0000
7.800,0.8283,0.04018,0.02114,0.0106,0.1810,1.0000,52.0496,160.0000
7.900,0.8307,0.04140,0.02262,0.0116,0.1781,1.0000,52.2357,160.0000
8.000,0.8345,0.04253,0.02385,0.0124,0.1750,1.0000,52.4418,160.0000
8.100,0.8407,0.04345,0.02468,0.0130,0.1717,1.0000,52.6617,160.0000
8.300,0.8572,0.04540,0.02583,0.0137,0.1660,1.0000,53.0384,160.0000
8.400,0.8575,0.04689,0.02756,0.0146,0.1646,1.0000,53.1285,160.0000
8.500,0.8577,0.04843,0.02926,0.0156,0.1632,1.0000,53.2224,160.0000
8.600,0.8577,0.04998,0.03092,0.0164,0.1618,1.0000,53.3181,160.0000
8.700,0.8576,0.05153,0.03253,0.0172,0.1604,1.0000,53.4148,160.0000
8.800,0.8577,0.05305,0.03406,0.0179,0.1589,1.0000,53.5125,160.0000
8.900,0.8585,0.05449,0.03548,0.0186,0.1574,1.0000,53.6117,160.0000
9.000,0.8608,0.05581,0.03669,0.0191,0.1558,1.0000,53.7174,160.0000
9.100,0.8675,0.05685,0.03742,0.0195,0.1540,1.0000,53.8432,160.0000
9.200,0.8838,0.05782,0.03737,0.0193,0.1515,1.0000,54.0064,160.0000
9.300,0.8804,0.05971,0.03931,0.0201,0.1514,1.0000,54.0184,160.0000
9.400,0.8761,0.06166,0.04128,0.0207,0.1513,1.0000,54.0245,160.0000
9.500,0.8713,0.06366,0.04327,0.0213,0.1512,1.0000,54.0266,160.0000
9.600,0.8661,0.06571,0.04527,0.0218,0.1513,1.0000,54.0249,160.0000
9.700,0.8607,0.06780,0.04727,0.0222,0.1513,1.0000,54.0198,160.0000
9.800,0.8551,0.06991,0.04927,0.0225,0.1515,1.0000,54.0122,160.0000
9.900,0.8496,0.07205,0.05126,0.0227,0.1516,1.0000,54.0027,160.0000
10.900,0.5813,0.12987,0.11368,-0.0221,0.3159,1.0000,43.5095,160.0000
11.000,0.5908,0.13159,0.11519,-0.0219,0.3112,1.0000,43.8009,160.0000
11.100,0.6133,0.13510,0.11704,-0.0212,0.3077,1.0000,44.0165,160.0000
11.200,0.5962,0.13509,0.11835,-0.0223,0.3059,1.0000,44.1311,160.0000
11.300,0.5883,0.13561,0.11965,-0.0228,0.3012,1.0000,44.4197,160.0000
11.400,0.5928,0.13703,0.12114,-0.0228,0.2969,1.0000,44.6899,160.0000
11.500,0.6047,0.13924,0.12284,-0.0225,0.2939,1.0000,44.8754,160.0000
11.600,0.6234,0.14283,0.12481,-0.0221,0.2917,1.0000,45.0107,160.0000
11.700,0.6058,0.14251,0.12614,-0.0233,0.2901,1.0000,45.1135,160.0000
11.800,0.5972,0.14283,0.12748,-0.0240,0.2859,1.0000,45.3739,160.0000
11.900,0.6000,0.14412,0.12901,-0.0241,0.2817,1.0000,45.6339,160.0000
12.000,0.6149,0.14657,0.13069,-0.0236,0.2776,1.0000,45.8901,160.0000
12.100,0.6257,0.14946,0.13253,-0.0235,0.2753,1.0000,46.0340,160.0000
12.200,0.6111,0.14913,0.13393,-0.0247,0.2732,1.0000,46.1671,160.0000
12.300,0.6064,0.14969,0.13539,-0.0253,0.2688,1.0000,46.4398,160.0000
12.400,0.6118,0.15115,0.13696,-0.0252,0.2645,1.0000,46.7095,160.0000
12.500,0.6290,0.15415,0.13875,-0.0246,0.2611,1.0000,46.9255,160.0000
12.600,0.6393,0.15718,0.14073,-0.0246,0.2596,1.0000,47.0201,160.0000
12.700,0.6235,0.15644,0.14217,-0.0260,0.2578,1.0000,47.1290,160.0000
12.800,0.6173,0.15671,0.14372,-0.0268,0.2542,1.0000,47.3580,160.0000
12.900,0.6192,0.15792,0.14539,-0.0271,0.2507,1.0000,47.5765,160.0000
13.000,0.6265,0.15970,0.14709,-0.0271,0.2476,1.0000,47.7761,160.0000
13.100,0.6546,0.16490,0.14917,-0.0258,0.2442,1.0000,47.9904,160.0000
13.200,0.6442,0.16485,0.15086,-0.0270,0.2433,1.0000,48.0484,160.0000
13.300,0.6325,0.16423,0.15245,-0.0283,0.2411,1.0000,48.1855,160.0000
13.400,0.6299,0.16477,0.15414,-0.0290,0.2373,1.0000,48.4286,160.0000
13.500,0.6342,0.16613,0.15583,-0.0291,0.2335,1.0000,48.6693,160.0000
13.600,0.6478,0.16887,0.15756,-0.0286,0.2300,1.0000,48.8915,160.0000
13.700,0.6643,0.17315,0.15970,-0.0282,0.2280,1.0000,49.0164,160.0000
13.800,0.6514,0.17214,0.16139,-0.0296,0.2269,1.0000,49.0863,160.0000
13.900,0.6440,0.17185,0.16320,-0.0308,0.2241,1.0000,49.2638,160.0000
14.000,0.6443,0.17275,0.16504,-0.0314,0.2208,1.0000,49.4762,160.0000
14.100,0.6485,0.17416,0.16687,-0.0317,0.2179,1.0000,49.6588,160.0000
14.200,0.6562,0.17614,0.16867,-0.0316,0.2155,1.0000,49.8164,160.0000
14.300,0.6746,0.18054,0.17068,-0.0308,0.2132,1.0000,49.9633,160.0000
14.400,0.6762,0.18232,0.17275,-0.0315,0.2122,1.0000,50.0287,160.0000
14.500,0.6657,0.18120,0.17466,-0.0330,0.2109,1.0000,50.1094,160.0000
14.600,0.6609,0.18112,0.17667,-0.0342,0.2081,1.0000,50.2904,160.0000
14.700,0.6623,0.18206,0.17862,-0.0348,0.2048,1.0000,50.5000,160.0000
14.800,0.6673,0.18353,0.18047,-0.0350,0.2018,1.0000,50.6975,160.0000
14.900,0.6782,0.18616,0.18220,-0.0345,0.1989,1.0000,50.8812,160.0000
15.000,0.6974,0.19175,0.18438,-0.0337,0.1969,1.0000,51.0114,160.0000
15.100,0.6874,0.19041,0.18640,-0.0353,0.1962,1.0000,51.0571,160.0000
15.200,0.6803,0.18962,0.18861,-0.0369,0.1944,1.0000,51.1722,160.0000
15.300,0.6791,0.19005,0.19078,-0.0379,0.1915,1.0000,51.3604,160.0000
15.400,0.6818,0.19116,0.19284,-0.0385,0.1887,1.0000,51.5433,160.0000
15.500,0.6865,0.19265,0.19481,-0.0387,0.1863,1.0000,51.6996,160.0000
15.600,0.6939,0.19472,0.19670,-0.0387,0.1843,1.0000,51.8337,160.0000
15.700,0.7074,0.19866,0.19861,-0.0380,0.1825,1.0000,51.9489,160.0000
15.800,0.7169,0.20246,0.20093,-0.0381,0.1815,1.0000,52.0142,160.0000
15.900,0.7085,0.20098,0.20321,-0.0398,0.1808,1.0000,52.0585,160.0000
16.000,0.7030,0.20018,0.20568,-0.0415,0.1793,1.0000,52.1609,160.0000
16.100,0.7023,0.20054,0.20805,-0.0426,0.1768,1.0000,52.3234,160.0000
16.200,0.7046,0.20154,0.21027,-0.0433,0.1742,1.0000,52.4924,160.0000
16.300,0.7088,0.20289,0.21236,-0.0437,0.1718,1.0000,52.6536,160.0000
16.500,0.7293,0.20906,0.21600,-0.0428,0.1673,1.0000,52.9474,160.0000
16.600,0.7381,0.21286,0.21834,-0.0428,0.1663,1.0000,53.0166,160.0000
16.700,0.7311,0.21130,0.22088,-0.0446,0.1657,1.0000,53.0591,160.0000
16.800,0.7268,0.21042,0.22358,-0.0463,0.1642,1.0000,53.1547,160.0000
16.900,0.7265,0.21072,0.22615,-0.0476,0.1620,1.0000,53.3082,160.0000
17.000,0.7288,0.21168,0.22853,-0.0483,0.1596,1.0000,53.4650,160.0000
17.100,0.7325,0.21294,0.23079,-0.0489,0.1575,1.0000,53.6060,160.0000
17.200,0.7373,0.21447,0.23295,-0.0492,0.1557,1.0000,53.7283,160.0000
17.300,0.7437,0.21650,0.23499,-0.0493,0.1541,1.0000,53.8374,160.0000
17.400,0.7536,0.21999,0.23690,-0.0488,0.1526,1.0000,53.9333,160.0000
17.500,0.7693,0.22657,0.23915,-0.0480,0.1516,1.0000,54.0042,160.0000
17.600,0.7631,0.22472,0.24184,-0.0498,0.1512,1.0000,54.0296,160.0000
17.700,0.7586,0.22335,0.24472,-0.0517,0.1505,1.0000,54.0785,160.0000
17.800,0.7566,0.22284,0.24765,-0.0533,0.1491,1.0000,54.1749,160.0000
17.900,0.7576,0.22331,0.25039,-0.0545,0.1471,1.0000,54.3080,160.0000
18.000,0.7601,0.22426,0.25296,-0.0553,0.1451,1.0000,54.4457,160.0000
18.100,0.7637,0.22546,0.25538,-0.0559,0.1432,1.0000,54.5788,160.0000
18.200,0.7681,0.22690,0.25766,-0.0563,0.1413,1.0000,54.7051,160.0000
18.300,0.7741,0.22884,0.25975,-0.0564,0.1396,1.0000,54.8231,160.0000
18.400,0.7838,0.23250,0.26156,-0.0559,0.1380,1.0000,54.9316,160.0000
18.500,0.7978,0.23918,0.26369,-0.0550,0.1369,1.0000,55.0067,160.0000
18.600,0.7930,0.23719,0.26669,-0.0569,0.1366,1.0000,55.0316,160.0000
18.700,0.7896,0.23574,0.26986,-0.0588,0.1359,1.0000,55.0789,160.0000
18.800,0.7884,0.23519,0.27304,-0.0605,0.1346,1.0000,55.1695,160.0000
18.900,0.7897,0.23562,0.27598,-0.0617,0.1329,1.0000,55.2922,160.0000
19.000,0.7923,0.23654,0.27873,-0.0626,0.1311,1.0000,55.4147,160.0000
19.100,0.7956,0.23767,0.28137,-0.0634,0.1295,1.0000,55.5267,160.0000
19.200,0.7994,0.23895,0.28391,-0.0640,0.1280,1.0000,55.6307,160.0000
19.300,0.8038,0.24041,0.28635,-0.0645,0.1267,1.0000,55.7272,160.0000
19.400,0.8089,0.24220,0.28866,-0.0648,0.1254,1.0000,55.8158,160.0000
19.500,0.8154,0.24475,0.29081,-0.0648,0.1243,1.0000,55.8955,160.0000
19.600,0.8256,0.24958,0.29278,-0.0642,0.1233,1.0000,55.9656,160.0000
19.700,0.8344,0.25452,0.29532,-0.0641,0.1227,1.0000,56.0071,160.0000
19.800,0.8311,0.25253,0.29858,-0.0660,0.1224,1.0000,56.0280,160.0000
19.900,0.8289,0.25104,0.30197,-0.0678,0.1219,1.0000,56.0640,160.0000
20.000,0.8282,0.25030,0.30542,-0.0696,0.1210,1.0000,56.1297,160.0000
20.100,0.8294,0.25045,0.30869,-0.0710,0.1196,1.0000,56.2296,160.0000
20.200,0.8318,0.25118,0.31173,-0.0720,0.1181,1.0000,56.3436,160.0000
20.300,0.8349,0.25218,0.31461,-0.0729,0.1165,1.0000,56.4579,160.0000
20.400,0.8384,0.25333,0.31736,-0.0737,0.1150,1.0000,56.5683,160.0000
20.500,0.8423,0.25464,0.32000,-0.0743,0.1136,1.0000,56.6732,160.0000
20.600,0.8468,0.25619,0.32247,-0.0747,0.1122,1.0000,56.7709,160.0000
20.700,0.8523,0.25830,0.32474,-0.0749,0.1110,1.0000,56.8600,160.0000
20.800,0.8600,0.26197,0.32672,-0.0745,0.1099,1.0000,56.9386,160.0000
20.900,0.8741,0.27069,0.32862,-0.0733,0.1091,1.0000,57.0013,160.0000
21.000,0.8715,0.26852,0.33209,-0.0751,0.1089,1.0000,57.0169,160.0000
21.100,0.8699,0.26683,0.33569,-0.0770,0.1085,1.0000,57.0407,160.0000
21.200,0.8694,0.26577,0.33937,-0.0788,0.1080,1.0000,57.0794,160.0000
21.300,0.8702,0.26544,0.34300,-0.0804,0.1072,1.0000,57.1420,160.0000
21.400,0.8721,0.26579,0.34645,-0.0817,0.1061,1.0000,57.2262,160.0000
21.500,0.8748,0.26656,0.34969,-0.0828,0.1049,1.0000,57.3183,160.0000
21.600,0.8778,0.26753,0.35282,-0.0837,0.1037,1.0000,57.4099,160.0000
21.700,0.8811,0.26861,0.35585,-0.0846,0.1026,1.0000,57.4982,160.0000
21.800,0.8846,0.26978,0.35881,-0.0854,0.1015,1.0000,57.5826,160.0000
21.900,0.8883,0.27103,0.36169,-0.0861,0.1004,1.0000,57.6627,160.0000
22.000,0.8923,0.27241,0.36448,-0.0867,0.0994,1.0000,57.7382,160.0000
22.100,0.8966,0.27402,0.36714,-0.0872,0.0985,1.0000,57.8092,160.0000
22.200,0.9015,0.27611,0.36962,-0.0875,0.0976,1.0000,57.8761,160.0000
22.300,0.9079,0.27947,0.37183,-0.0874,0.0968,1.0000,57.9378,160.0000
22.400,0.9192,0.28745,0.37366,-0.0864,0.0961,1.0000,57.9936,160.0000
22.500,0.9200,0.28722,0.37719,-0.0878,0.0959,1.0000,58.0120,160.0000
22.600,0.9189,0.28521,0.38111,-0.0897,0.0956,1.0000,58.0322,160.0000
22.700,0.9188,0.28380,0.38512,-0.0916,0.0952,1.0000,58.0648,160.0000
22.800,0.9196,0.28314,0.38911,-0.0933,0.0946,1.0000,58.1191,160.0000
22.900,0.9215,0.28324,0.39289,-0.0947,0.0936,1.0000,58.1986,160.0000
23.000,0.9242,0.28387,0.39643,-0.0959,0.0925,1.0000,58.2916,160.0000
23.100,0.9272,0.28476,0.39980,-0.0969,0.0913,1.0000,58.3861,160.0000
23.200,0.9304,0.28578,0.40304,-0.0979,0.0902,1.0000,58.4774,160.0000
23.300,0.9338,0.28688,0.40621,-0.0987,0.0891,1.0000,58.5636,160.0000
23.400,0.9373,0.28806,0.40929,-0.0995,0.0882,1.0000,58.6438,160.0000
23.500,0.9410,0.28934,0.41228,-0.1002,0.0873,1.0000,58.7175,160.0000
23.600,0.9448,0.29077,0.41519,-0.1008,0.0864,1.0000,58.7843,160.0000
23.700,0.9490,0.29247,0.41796,-0.1013,0.0857,1.0000,58.8451,160.0000
23.800,0.9536,0.29470,0.42056,-0.1017,0.0850,1.0000,58.9007,160.0000
23.900,0.9594,0.29819,0.42291,-0.1017,0.0844,1.0000,58.9501,160.0000
24.000,0.9681,0.30506,0.42497,-0.1010,0.0839,1.0000,58.9919,160.0000
24.100,0.9705,0.30596,0.42855,-0.1021,0.0837,1.0000,59.0088,160.0000
24.200,0.9704,0.30421,0.43268,-0.1039,0.0836,1.0000,59.0237,160.0000
24.300,0.9710,0.30293,0.43686,-0.1057,0.0833,1.0000,59.0449,160.0000
24.400,0.9722,0.30218,0.44105,-0.1074,0.0830,1.0000,59.0761,160.0000
24.500,0.9740,0.30199,0.44517,-0.1089,0.0825,1.0000,59.1214,160.0000
24.600,0.9764,0.30228,0.44912,-0.1103,0.0818,1.0000,59.1814,160.0000
24.700,0.9791,0.30291,0.45290,-0.1115,0.0810,1.0000,59.2516,160.0000
24.800,0.9821,0.30374,0.45655,-0.1126,0.0802,1.0000,59.3270,160.0000
24.900,0.9851,0.30468,0.46010,-0.1136,0.0793,1.0000,59.4039,160.0000
25.000,0.9883,0.30563,0.46357,-0.1145,0.0784,1.0000,59.4807,160.0000
25.100,0.9915,0.30668,0.46697,-0.1155,0.0776,1.0000,59.5564,160.0000
25.200,0.9948,0.30786,0.47029,-0.1163,0.0768,1.0000,59.6305,160.0000
25.300,0.9983,0.30905,0.47352,-0.1171,0.0760,1.0000,59.7022,160.0000
25.400,1.0018,0.31037,0.47663,-0.1178,0.0752,1.0000,59.7707,160.0000
25.500,1.0056,0.31192,0.47959,-0.1184,0.0745,1.0000,59.8350,160.0000
25.600,1.0097,0.31398,0.48233,-0.1188,0.0738,1.0000,59.8939,160.0000
25.700,1.0146,0.31718,0.48476,-0.1189,0.0732,1.0000,59.9460,160.0000
25.800,1.0218,0.32356,0.48678,-0.1184,0.0727,1.0000,59.9893,160.0000
25.900,1.0248,0.32513,0.49043,-0.1194,0.0725,1.0000,60.0083,160.0000
26.000,1.0252,0.32326,0.49492,-0.1212,0.0724,1.0000,60.0236,160.0000
26.100,1.0263,0.32201,0.49943,-0.1230,0.0722,1.0000,60.0447,160.0000
26.200,1.0279,0.32133,0.50389,-0.1246,0.0719,1.0000,60.0739,160.0000
26.300,1.0300,0.32127,0.50823,-0.1261,0.0715,1.0000,60.1137,160.0000
26.400,1.0325,0.32159,0.51244,-0.1275,0.0710,1.0000,60.1652,160.0000
26.500,1.0352,0.32220,0.51648,-0.1287,0.0703,1.0000,60.2257,160.0000
26.600,1.0381,0.32299,0.52038,-0.1299,0.0697,1.0000,60.2905,160.0000
26.700,1.0411,0.32381,0.52420,-0.1309,0.0690,1.0000,60.3566,160.0000
26.800,1.0441,0.32478,0.52794,-0.1320,0.0684,1.0000,60.4222,160.0000
26.900,1.0471,0.32578,0.53163,-0.1330,0.0677,1.0000,60.4866,160.0000
27.000,1.0502,0.32680,0.53528,-0.1339,0.0671,1.0000,60.5494,160.0000
27.100,1.0532,0.32784,0.53887,-0.1349,0.0665,1.0000,60.6102,160.0000
27.200,1.0564,0.32891,0.54241,-0.1358,0.0659,1.0000,60.6690,160.0000
27.300,1.0595,0.33012,0.54588,-0.1366,0.0653,1.0000,60.7255,160.0000
27.400,1.0628,0.33135,0.54927,-0.1375,0.0648,1.0000,60.7793,160.0000
27.500,1.0661,0.33272,0.55255,-0.1382,0.0642,1.0000,60.8308,160.0000
27.600,1.0695,0.33438,0.55567,-0.1388,0.0638,1.0000,60.8797,160.0000
27.700,1.0733,0.33660,0.55856,-0.1393,0.0633,1.0000,60.9248,160.0000
27.800,1.0777,0.34007,0.56115,-0.1394,0.0629,1.0000,60.9647,160.0000
27.900,1.0838,0.34659,0.56333,-0.1391,0.0626,1.0000,60.9973,160.0000
28.000,1.0851,0.34565,0.56785,-0.1407,0.0625,1.0000,61.0105,160.0000
28.100,1.0862,0.34403,0.57268,-0.1425,0.0623,1.0000,61.0260,160.0000
28.200,1.0878,0.34298,0.57750,-0.1442,0.0621,1.0000,61.0478,160.0000
28.300,1.0897,0.34243,0.58227,-0.1458,0.0618,1.0000,61.0790,160.0000
28.400,1.0920,0.34246,0.58690,-0.1473,0.0615,1.0000,61.1227,160.0000
28.500,1.0945,0.34284,0.59135,-0.1486,0.0610,1.0000,61.1791,160.0000
28.600,1.0972,0.34348,0.59560,-0.1499,0.0604,1.0000,61.2437,160.0000
28.700,1.1000,0.34427,0.59971,-0.1510,0.0598,1.0000,61.3115,160.0000
28.800,1.1028,0.34505,0.60373,-0.1521,0.0592,1.0000,61.3790,160.0000
28.900,1.1056,0.34600,0.60767,-0.1532,0.0586,1.0000,61.4445,160.0000
29.000,1.1085,0.34697,0.61157,-0.1542,0.0580,1.0000,61.5069,160.0000
29.100,1.1113,0.34795,0.61542,-0.1552,0.0575,1.0000,61.5658,160.0000
29.200,1.1142,0.34893,0.61923,-0.1562,0.0570,1.0000,61.6218,160.0000
29.300,1.1170,0.34993,0.62298,-0.1571,0.0565,1.0000,61.6760,160.0000
29.400,1.1199,0.35096,0.62669,-0.1581,0.0561,1.0000,61.7282,160.0000
29.500,1.1228,0.35218,0.63031,-0.1590,0.0556,1.0000,61.7781,160.0000
29.600,1.1257,0.35341,0.63385,-0.1598,0.0552,1.0000,61.8255,160.0000
29.700,1.1287,0.35481,0.63726,-0.1606,0.0548,1.0000,61.8700,160.0000
29.800,1.1318,0.35654,0.64051,-0.1612,0.0544,1.0000,61.9110,160.0000
29.900,1.1351,0.35886,0.64354,-0.1617,0.0541,1.0000,61.9476,160.0000
30.000,1.1389,0.36240,0.64628,-0.1620,0.0538,1.0000,61.9787,160.0000
30.300,1.1463,0.36478,0.65903,-0.1655,0.0535,1.0000,62.0246,160.0000
30.400,1.1482,0.36424,0.66396,-0.1671,0.0533,1.0000,62.0411,160.0000
30.500,1.1503,0.36401,0.66884,-0.1686,0.0532,1.0000,62.0630,160.0000
30.600,1.1526,0.36404,0.67365,-0.1700,0.0529,1.0000,62.0924,160.0000
30.700,1.1550,0.36438,0.67836,-0.1714,0.0526,1.0000,62.1310,160.0000
30.800,1.1574,0.36489,0.68294,-0.1727,0.0523,1.0000,62.1789,160.0000
30.900,1.1600,0.36556,0.68738,-0.1739,0.0518,1.0000,62.2343,160.0000
31.000,1.1625,0.36632,0.69172,-0.1751,0.0514,1.0000,62.2944,160.0000
31.100,1.1651,0.36714,0.69597,-0.1762,0.0509,1.0000,62.3568,160.0000
31.200,1.1677,0.36800,0.70016,-0.1773,0.0504,1.0000,62.4199,160.0000
31.300,1.1702,0.36888,0.70429,-0.1784,0.0499,1.0000,62.4827,160.0000
31.400,1.1728,0.36977,0.70837,-0.1794,0.0494,1.0000,62.5443,160.0000
31.500,1.1754,0.37062,0.71239,-0.1804,0.0489,1.0000,62.6043,160.0000
31.600,1.1779,0.37162,0.71636,-0.1814,0.0485,1.0000,62.6620,160.0000
31.700,1.1805,0.37259,0.72027,-0.1824,0.0481,1.0000,62.7172,160.0000
31.800,1.1830,0.37360,0.72411,-0.1834,0.0477,1.0000,62.7695,160.0000
31.900,1.1856,0.37468,0.72786,-0.1843,0.0473,1.0000,62.8184,160.0000
32.000,1.1881,0.37590,0.73149,-0.1852,0.0469,1.0000,62.8635,160.0000
32.100,1.1907,0.37736,0.73498,-0.1859,0.0466,1.0000,62.9045,160.0000
32.200,1.1934,0.37920,0.73828,-0.1866,0.0463,1.0000,62.9405,160.0000
32.300,1.1963,0.38178,0.74135,-0.1871,0.0461,1.0000,62.9710,160.0000
32.400,1.1996,0.38576,0.74412,-0.1874,0.0459,1.0000,62.9954,160.0000
32.700,1.2053,0.38493,0.75905,-0.1918,0.0457,1.0000,63.0326,160.0000
32.800,1.2074,0.38481,0.76412,-0.1933,0.0455,1.0000,63.0502,160.0000
32.900,1.2095,0.38492,0.76910,-0.1947,0.0454,1.0000,63.0722,160.0000
33.000,1.2117,0.38522,0.77400,-0.1960,0.0452,1.0000,63.0998,160.0000
33.100,1.2140,0.38569,0.77880,-0.1973,0.0450,1.0000,63.1336,160.0000
33.200,1.2163,0.38627,0.78350,-0.1986,0.0447,1.0000,63.1734,160.0000
33.300,1.2185,0.38695,0.78811,-0.1998,0.0444,1.0000,63.2180,160.0000
33.400,1.2208,0.38769,0.79264,-0.2010,0.0441,1.0000,63.2658,160.0000
33.500,1.2231,0.38846,0.79710,-0.2021,0.0438,1.0000,63.3155,160.0000
33.600,1.2254,0.38925,0.80152,-0.2033,0.0434,1.0000,63.3668,160.0000
33.800,1.2298,0.39087,0.81023,-0.2055,0.0427,1.0000,63.4722,160.0000
33.900,1.2321,0.39170,0.81453,-0.2066,0.0423,1.0000,63.5252,160.0000
34.000,1.2343,0.39253,0.81879,-0.2077,0.0420,1.0000,63.5780,160.0000
34.100,1.2364,0.39337,0.82300,-0.2087,0.0416,1.0000,63.6302,160.0000
34.200,1.2386,0.39422,0.82717,-0.2098,0.0413,1.0000,63.6815,160.0000
34.300,1.2408,0.39509,0.83128,-0.2108,0.0409,1.0000,63.7316,160.0000
34.400,1.2429,0.39600,0.83531,-0.2118,0.0406,1.0000,63.7801,160.0000
34.500,1.2450,0.39696,0.83925,-0.2128,0.0403,1.0000,63.8266,160.0000
34.600,1.2471,0.39807,0.84306,-0.2137,0.0400,1.0000,63.8704,160.0000
34.700,1.2492,0.39935,0.84672,-0.2146,0.0397,1.0000,63.9108,160.0000
34.800,1.2514,0.40101,0.85015,-0.2153,0.0395,1.0000,63.9468,160.0000
34.900,1.2537,0.40338,0.85330,-0.2159,0.0393,1.0000,63.9771,160.0000
35.300,1.2613,0.40544,0.87239,-0.2209,0.0389,1.0000,64.0394,160.0000
35.400,1.2632,0.40557,0.87756,-0.2223,0.0388,1.0000,64.0578,160.0000
35.500,1.2651,0.40587,0.88263,-0.2237,0.0387,1.0000,64.0796,160.0000
35.600,1.2671,0.40630,0.88761,-0.2250,0.0385,1.0000,64.1060,160.0000
35.700,1.2690,0.40683,0.89252,-0.2263,0.0383,1.0000,64.1375,160.0000
35.800,1.2710,0.40743,0.89734,-0.2275,0.0381,1.0000,64.1738,160.0000
35.900,1.2729,0.40808,0.90208,-0.2287,0.0379,1.0000,64.2141,160.0000
36.000,1.2749,0.40877,0.90676,-0.2299,0.0376,1.0000,64.2572,160.0000
36.100,1.2768,0.40949,0.91138,-0.2311,0.0374,1.0000,64.3023,160.0000
36.200,1.2787,0.41022,0.91597,-0.2322,0.0371,1.0000,64.3482,160.0000
36.300,1.2805,0.41095,0.92051,-0.2334,0.0368,1.0000,64.3946,160.0000
36.400,1.2824,0.41170,0.92503,-0.2345,0.0366,1.0000,64.4408,160.0000
36.500,1.2842,0.41244,0.92951,-0.2356,0.0363,1.0000,64.4867,160.0000
36.600,1.2860,0.41319,0.93398,-0.2368,0.0360,1.0000,64.5320,160.0000
36.700,1.2878,0.41394,0.93841,-0.2379,0.0358,1.0000,64.5767,160.0000
36.800,1.2896,0.41469,0.94282,-0.2390,0.0355,1.0000,64.6205,160.0000
36.900,1.2913,0.41544,0.94719,-0.2401,0.0353,1.0000,64.6641,160.0000
37.000,1.2930,0.41620,0.95152,-0.2412,0.0350,1.0000,64.7074,160.0000
37.100,1.2947,0.41697,0.95581,-0.2422,0.0348,1.0000,64.7500,160.0000
37.200,1.2964,0.41777,0.96002,-0.2433,0.0345,1.0000,64.7918,160.0000
37.300,1.2981,0.41860,0.96416,-0.2443,0.0343,1.0000,64.8324,160.0000
37.400,1.2997,0.41950,0.96820,-0.2453,0.0341,1.0000,64.8713,160.0000
37.500,1.3013,0.42057,0.97210,-0.2463,0.0339,1.0000,64.9080,160.0000
37.600,1.3029,0.42184,0.97581,-0.2472,0.0337,1.0000,64.9415,160.0000
37.700,1.3045,0.42353,0.97928,-0.2479,0.0335,1.0000,64.9707,160.0000
37.800,1.3062,0.42599,0.98246,-0.2486,0.0334,1.0000,64.9945,160.0000
38.200,1.3122,0.42616,1.00371,-0.2542,0.0331,1.0000,65.0510,160.0000
38.300,1.3138,0.42646,1.00895,-0.2555,0.0330,1.0000,65.0722,160.0000
38.400,1.3153,0.42686,1.01409,-0.2568,0.0328,1.0000,65.0976,160.0000
38.500,1.3169,0.42734,1.01913,-0.2581,0.0327,1.0000,65.1273,160.0000
38.600,1.3184,0.42790,1.02408,-0.2593,0.0325,1.0000,65.1609,160.0000
38.700,1.3200,0.42850,1.02895,-0.2605,0.0323,1.0000,65.1973,160.0000
38.800,1.3214,0.42913,1.03376,-0.2617,0.0321,1.0000,65.2355,160.0000
38.900,1.3229,0.42976,1.03852,-0.2629,0.0319,1.0000,65.2754,160.0000
39.000,1.3244,0.43048,1.04325,-0.2641,0.0317,1.0000,65.3166,160.0000
39.100,1.3258,0.43136,1.04794,-0.2653,0.0315,1.0000,65.3586,160.0000
45.200,0.7053,0.48103,0.69033,-0.1592,0.0236,1.0000,67.0727,160.0000
45.300,0.7048,0.48178,0.69217,-0.1597,0.0235,1.0000,67.0907,160.0000
45.400,0.7043,0.48252,0.69400,-0.1602,0.0234,1.0000,67.1111,160.0000
45.500,0.7038,0.48325,0.69581,-0.1607,0.0233,1.0000,67.1340,160.0000
45.600,0.7033,0.48398,0.69760,-0.1612,0.0232,1.0000,67.1594,160.0000
45.700,0.7028,0.48470,0.69937,-0.1617,0.0231,1.0000,67.1873,160.0000
45.800,0.7023,0.48542,0.70113,-0.1622,0.0230,1.0000,67.2172,160.0000
45.900,0.7018,0.48613,0.70287,-0.1627,0.0229,1.0000,67.2494,160.0000
46.000,0.7012,0.48684,0.70460,-0.1632,0.0228,1.0000,67.2839,160.0000
46.100,0.7007,0.48753,0.70631,-0.1637,0.0226,1.0000,67.3204,160.0000
46.200,0.7001,0.48823,0.70801,-0.1642,0.0225,1.0000,67.3585,160.0000
46.300,0.6996,0.48891,0.70970,-0.1647,0.0223,1.0000,67.3980,160.0000
46.400,0.6990,0.48959,0.71137,-0.1652,0.0222,1.0000,67.4385,160.0000
46.500,0.6984,0.49025,0.71303,-0.1657,0.0220,1.0000,67.4797,160.0000
46.600,0.6978,0.49091,0.71468,-0.1662,0.0218,1.0000,67.5214,160.0000
46.700,0.6972,0.49156,0.71631,-0.1667,0.0217,1.0000,67.5634,160.0000
46.800,0.6966,0.49220,0.71793,-0.1671,0.0215,1.0000,67.6052,160.0000
46.900,0.6960,0.49284,0.71954,-0.1676,0.0214,1.0000,67.6467,160.0000
47.000,0.6954,0.49346,0.72112,-0.1681,0.0212,1.0000,67.6877,160.0000
47.100,0.6948,0.49408,0.72270,-0.1686,0.0211,1.0000,67.7278,160.0000
47.200,0.6941,0.49469,0.72425,-0.1691,0.0209,1.0000,67.7669,160.0000
47.300,0.6935,0.49530,0.72578,-0.1696,0.0208,1.0000,67.8046,160.0000
47.400,0.6928,0.49590,0.72729,-0.1701,0.0206,1.0000,67.8407,160.0000
47.500,0.6921,0.49650,0.72877,-0.1705,0.0205,1.0000,67.8749,160.0000
47.600,0.6914,0.49710,0.73023,-0.1710,0.0204,1.0000,67.9069,160.0000
47.700,0.6907,0.49772,0.73164,-0.1715,0.0203,1.0000,67.9363,160.0000
47.800,0.6900,0.49836,0.73302,-0.1719,0.0202,1.0000,67.9631,160.0000
47.900,0.6892,0.49904,0.73434,-0.1724,0.0201,1.0000,67.9868,160.0000
48.800,0.6825,0.50407,0.74945,-0.1768,0.0197,1.0000,68.0962,160.0000
48.900,0.6818,0.50460,0.75106,-0.1772,0.0196,1.0000,68.1150,160.0000
49.000,0.6810,0.50512,0.75266,-0.1777,0.0195,1.0000,68.1359,160.0000
49.100,0.6802,0.50564,0.75424,-0.1782,0.0195,1.0000,68.1588,160.0000
49.200,0.6794,0.50615,0.75581,-0.1786,0.0194,1.0000,68.1842,160.0000
49.300,0.6786,0.50665,0.75737,-0.1791,0.0193,1.0000,68.2121,160.0000
49.400,0.6778,0.50714,0.75891,-0.1796,0.0192,1.0000,68.2425,160.0000
49.500,0.6769,0.50763,0.76043,-0.1801,0.0191,1.0000,68.2749,160.0000
49.600,0.6761,0.50810,0.76194,-0.1805,0.0190,1.0000,68.3093,160.0000
49.700,0.6753,0.50857,0.76344,-0.1810,0.0188,1.0000,68.3452,160.0000
49.800,0.6744,0.50903,0.76493,-0.1814,0.0187,1.0000,68.3823,160.0000
49.900,0.6735,0.50948,0.76640,-0.1819,0.0186,1.0000,68.4203,160.0000
50.000,0.6727,0.50992,0.76787,-0.1824,0.0185,1.0000,68.4590,160.0000
50.100,0.6718,0.51035,0.76931,-0.1828,0.0183,1.0000,68.4978,160.0000
50.200,0.6709,0.51078,0.77075,-0.1833,0.0182,1.0000,68.5367,160.0000
50.300,0.6700,0.51119,0.77218,-0.1838,0.0181,1.0000,68.5753,160.0000
50.400,0.6691,0.51160,0.77359,-0.1842,0.0179,1.0000,68.6133,160.0000
50.500,0.6682,0.51199,0.77498,-0.1847,0.0178,1.0000,68.6505,160.0000
50.600,0.6673,0.51238,0.77637,-0.1851,0.0177,1.0000,68.6867,160.0000
50.700,0.6664,0.51276,0.77774,-0.1856,0.0176,1.0000,68.7218,160.0000
50.800,0.6654,0.51313,0.77910,-0.1861,0.0175,1.0000,68.7554,160.0000
50.900,0.6645,0.51350,0.78044,-0.1865,0.0173,1.0000,68.7875,160.0000
51.000,0.6635,0.51386,0.78177,-0.1870,0.0172,1.0000,68.8184,160.0000
51.100,0.6625,0.51421,0.78307,-0.1874,0.0171,1.0000,68.8486,160.0000
51.200,0.6616,0.51456,0.78436,-0.1879,0.0170,1.0000,68.8780,160.0000
51.300,0.6606,0.51490,0.78562,-0.1883,0.0169,1.0000,68.9063,160.0000
51.400,0.6596,0.51525,0.78684,-0.1888,0.0169,1.0000,68.9334,160.0000
51.500,0.6586,0.51561,0.78804,-0.1892,0.0168,1.0000,68.9587,160.0000
51.600,0.6575,0.51599,0.78918,-0.1896,0.0167,1.0000,68.9817,160.0000
52.600,0.6473,0.51909,0.80341,-0.1941,0.0163,1.0000,69.0955,160.0000
52.700,0.6462,0.51936,0.80477,-0.1945,0.0163,1.0000,69.1138,160.0000
52.800,0.6451,0.51961,0.80611,-0.1950,0.0162,1.0000,69.1345,160.0000
52.900,0.6441,0.51986,0.80744,-0.1954,0.0162,1.0000,69.1575,160.0000
53.000,0.6430,0.52010,0.80875,-0.1958,0.0161,1.0000,69.1831,160.0000
53.100,0.6419,0.52034,0.81005,-0.1963,0.0160,1.0000,69.2109,160.0000
53.200,0.6408,0.52056,0.81133,-0.1967,0.0159,1.0000,69.2408,160.0000
53.300,0.6397,0.52077,0.81261,-0.1971,0.0158,1.0000,69.2724,160.0000
53.400,0.6386,0.52098,0.81386,-0.1976,0.0157,1.0000,69.3053,160.0000
53.500,0.6375,0.52117,0.81511,-0.1980,0.0156,1.0000,69.3390,160.0000
53.600,0.6363,0.52136,0.81634,-0.1984,0.0155,1.0000,69.3732,160.0000
53.700,0.6352,0.52154,0.81756,-0.1989,0.0154,1.0000,69.4074,160.0000
53.800,0.6340,0.52171,0.81877,-0.1993,0.0153,1.0000,69.4412,160.0000
53.900,0.6329,0.52187,0.81997,-0.1997,0.0152,1.0000,69.4744,160.0000
54.000,0.6317,0.52202,0.82116,-0.2001,0.0151,1.0000,69.5068,160.0000
54.100,0.6306,0.52216,0.82234,-0.2006,0.0150,1.0000,69.5380,160.0000
54.200,0.6294,0.52230,0.82351,-0.2010,0.0149,1.0000,69.5688,160.0000
54.300,0.6282,0.52243,0.82466,-0.2014,0.0148,1.0000,69.5995,160.0000
54.400,0.6270,0.52255,0.82581,-0.2018,0.0148,1.0000,69.6300,160.0000
54.500,0.6259,0.52265,0.82694,-0.2022,0.0147,1.0000,69.6603,160.0000
54.600,0.6247,0.52275,0.82806,-0.2027,0.0146,1.0000,69.6903,160.0000
54.700,0.6234,0.52285,0.82917,-0.2031,0.0145,1.0000,69.7201,160.0000
54.800,0.6222,0.52293,0.83027,-0.2035,0.0144,1.0000,69.7495,160.0000
54.900,0.6210,0.52300,0.83135,-0.2039,0.0143,1.0000,69.7786,160.0000
55.000,0.6198,0.52307,0.83242,-0.2043,0.0142,1.0000,69.8072,160.0000
55.100,0.6185,0.52313,0.83347,-0.2048,0.0141,1.0000,69.8353,160.0000
55.200,0.6173,0.52318,0.83451,-0.2052,0.0141,1.0000,69.8629,160.0000
55.300,0.6160,0.52322,0.83552,-0.2056,0.0140,1.0000,69.8897,160.0000
55.400,0.6148,0.52327,0.83651,-0.2060,0.0139,1.0000,69.9157,160.0000
55.500,0.6135,0.52331,0.83747,-0.2064,0.0138,1.0000,69.9405,160.0000
55.600,0.6122,0.52335,0.83840,-0.2068,0.0138,1.0000,69.9642,160.0000
55.700,0.6109,0.52341,0.83929,-0.2072,0.0137,1.0000,69.9862,160.0000
56.700,0.5980,0.52355,0.85064,-0.2112,0.0134,1.0000,70.1042,160.0000
56.800,0.5967,0.52351,0.85169,-0.2116,0.0133,1.0000,70.1226,160.0000
56.900,0.5954,0.52346,0.85272,-0.2120,0.0133,1.0000,70.1423,160.0000
57.000,0.5941,0.52341,0.85373,-0.2124,0.0132,1.0000,70.1633,160.0000
57.100,0.5927,0.52334,0.85474,-0.2128,0.0132,1.0000,70.1852,160.0000
57.200,0.5914,0.52327,0.85573,-0.2132,0.0131,1.0000,70.2076,160.0000
57.300,0.5900,0.52319,0.85670,-0.2135,0.0131,1.0000,70.2309,160.0000
57.400,0.5887,0.52310,0.85767,-0.2139,0.0130,1.0000,70.2552,160.0000
57.500,0.5873,0.52300,0.85862,-0.2143,0.0129,1.0000,70.2805,160.0000
57.600,0.5860,0.52289,0.85957,-0.2147,0.0129,1.0000,70.3065,160.0000
57.700,0.5846,0.52278,0.86050,-0.2151,0.0128,1.0000,70.3332,160.0000
57.800,0.5832,0.52266,0.86142,-0.2155,0.0127,1.0000,70.3604,160.0000
57.900,0.5818,0.52253,0.86234,-0.2158,0.0126,1.0000,70.3881,160.0000
58.000,0.5804,0.52239,0.86324,-0.2162,0.0126,1.0000,70.4160,160.0000
58.100,0.5790,0.52224,0.86413,-0.2166,0.0125,1.0000,70.4442,160.0000
58.200,0.5776,0.52208,0.86501,-0.2170,0.0124,1.0000,70.4724,160.0000
58.300,0.5762,0.52192,0.86589,-0.2174,0.0123,1.0000,70.5008,160.0000
58.400,0.5748,0.52175,0.86675,-0.2177,0.0123,1.0000,70.5292,160.0000
58.500,0.5734,0.52156,0.86760,-0.2181,0.0122,1.0000,70.5577,160.0000
58.600,0.5720,0.52137,0.86844,-0.2185,0.0121,1.0000,70.5866,160.0000
58.700,0.5706,0.52118,0.86927,-0.2189,0.0120,1.0000,70.6161,160.0000
58.800,0.5691,0.52097,0.87009,-0.2192,0.0120,1.0000,70.6460,160.0000
58.900,0.5677,0.52075,0.87089,-0.2196,0.0119,1.0000,70.6763,160.0000
59.000,0.5662,0.52053,0.87168,-0.2200,0.0118,1.0000,70.7069,160.0000
59.100,0.5648,0.52029,0.87246,-0.2203,0.0117,1.0000,70.7377,160.0000
59.200,0.5633,0.52005,0.87323,-0.2207,0.0116,1.0000,70.7685,160.0000
59.300,0.5619,0.51980,0.87397,-0.2211,0.0116,1.0000,70.7993,160.0000
59.400,0.5604,0.51954,0.87471,-0.2214,0.0115,1.0000,70.8298,160.0000
59.500,0.5589,0.51927,0.87542,-0.2218,0.0114,1.0000,70.8598,160.0000
59.600,0.5575,0.51899,0.87611,-0.2222,0.0113,1.0000,70.8891,160.0000
59.700,0.5560,0.51871,0.87679,-0.2225,0.0113,1.0000,70.9173,160.0000
59.800,0.5545,0.51843,0.87743,-0.2229,0.0112,1.0000,70.9440,160.0000
59.000,0.5662,0.52053,0.87169,-0.2200,0.0118,1.0000,70.7069,160.0000
60.000,0.5514,0.51790,0.87865,-0.2236,0.0111,1.0000,70.9910,160.0000
61.200,0.5334,0.51428,0.88805,-0.2278,0.0108,1.0000,71.1066,160.0000
61.300,0.5318,0.51391,0.88873,-0.2281,0.0108,1.0000,71.1213,160.0000
61.400,0.5303,0.51355,0.88940,-0.2284,0.0107,1.0000,71.1372,160.0000
61.500,0.5288,0.51317,0.89005,-0.2288,0.0107,1.0000,71.1544,160.0000
61.600,0.5272,0.51279,0.89070,-0.2291,0.0106,1.0000,71.1732,160.0000
61.700,0.5257,0.51239,0.89133,-0.2294,0.0106,1.0000,71.1938,160.0000
61.800,0.5241,0.51199,0.89195,-0.2298,0.0105,1.0000,71.2159,160.0000
61.900,0.5225,0.51158,0.89257,-0.2301,0.0105,1.0000,71.2398,160.0000
62.000,0.5210,0.51117,0.89317,-0.2304,0.0104,1.0000,71.2651,160.0000
62.100,0.5194,0.51074,0.89376,-0.2307,0.0104,1.0000,71.2919,160.0000
62.200,0.5178,0.51031,0.89434,-0.2311,0.0103,1.0000,71.3199,160.0000
62.300,0.5163,0.50988,0.89491,-0.2314,0.0102,1.0000,71.3490,160.0000
62.400,0.5147,0.50943,0.89547,-0.2317,0.0102,1.0000,71.3788,160.0000
62.500,0.5131,0.50898,0.89602,-0.2320,0.0101,1.0000,71.4092,160.0000
62.600,0.5115,0.50852,0.89655,-0.2324,0.0100,1.0000,71.4398,160.0000
62.700,0.5099,0.50805,0.89708,-0.2327,0.0100,1.0000,71.4705,160.0000
62.800,0.5083,0.50757,0.89760,-0.2330,0.0099,1.0000,71.5009,160.0000
62.900,0.5067,0.50709,0.89811,-0.2333,0.0098,1.0000,71.5307,160.0000
63.000,0.5051,0.50660,0.89861,-0.2337,0.0098,1.0000,71.5599,160.0000
63.100,0.5035,0.50610,0.89910,-0.2340,0.0097,1.0000,71.5881,160.0000
63.200,0.5019,0.50560,0.89958,-0.2343,0.0096,1.0000,71.6153,160.0000
63.300,0.5003,0.50509,0.90005,-0.2346,0.0096,1.0000,71.6422,160.0000
63.400,0.4987,0.50457,0.90051,-0.2349,0.0095,1.0000,71.6690,160.0000
63.500,0.4971,0.50404,0.90096,-0.2352,0.0094,1.0000,71.6957,160.0000
63.600,0.4955,0.50351,0.90140,-0.2355,0.0094,1.0000,71.7221,160.0000
63.700,0.4938,0.50297,0.90182,-0.2358,0.0093,1.0000,71.7484,160.0000
63.800,0.4922,0.50242,0.90224,-0.2362,0.0093,1.0000,71.7744,160.0000
63.900,0.4906,0.50187,0.90264,-0.2365,0.0092,1.0000,71.8001,160.0000
64.000,0.4889,0.50131,0.90303,-0.2368,0.0091,1.0000,71.8254,160.0000
64.100,0.4873,0.50074,0.90341,-0.2371,0.0091,1.0000,71.8504,160.0000
64.200,0.4856,0.50017,0.90378,-0.2374,0.0090,1.0000,71.8750,160.0000
64.300,0.4840,0.49959,0.90413,-0.2377,0.0090,1.0000,71.8990,160.0000
64.400,0.4823,0.49901,0.90446,-0.2380,0.0089,1.0000,71.9225,160.0000
64.500,0.4807,0.49842,0.90478,-0.2383,0.0089,1.0000,71.9455,160.0000
64.600,0.4790,0.49784,0.90508,-0.2386,0.0088,1.0000,71.9677,160.0000
64.700,0.4773,0.49726,0.90536,-0.2389,0.0088,1.0000,71.9888,160.0000
65.800,0.4591,0.49078,0.90995,-0.2420,0.0086,1.0000,72.1009,160.0000
65.900,0.4574,0.49013,0.91026,-0.2423,0.0085,1.0000,72.1152,160.0000
66.000,0.4557,0.48948,0.91055,-0.2425,0.0085,1.0000,72.1300,160.0000
66.100,0.4540,0.48882,0.91084,-0.2428,0.0085,1.0000,72.1456,160.0000
66.200,0.4523,0.48815,0.91111,-0.2431,0.0084,1.0000,72.1622,160.0000
66.300,0.4507,0.48748,0.91137,-0.2434,0.0084,1.0000,72.1799,160.0000
66.400,0.4490,0.48680,0.91162,-0.2436,0.0083,1.0000,72.1987,160.0000
66.500,0.4473,0.48611,0.91187,-0.2439,0.0083,1.0000,72.2185,160.0000
66.600,0.4456,0.48542,0.91210,-0.2442,0.0083,1.0000,72.2392,160.0000
66.700,0.4439,0.48473,0.91233,-0.2444,0.0082,1.0000,72.2608,160.0000
66.800,0.4422,0.48402,0.91254,-0.2447,0.0082,1.0000,72.2831,160.0000
66.900,0.4405,0.48332,0.91275,-0.2450,0.0081,1.0000,72.3062,160.0000
67.000,0.4388,0.48260,0.91295,-0.2452,0.0081,1.0000,72.3299,160.0000
67.100,0.4371,0.48188,0.91314,-0.2455,0.0080,1.0000,72.3541,160.0000
67.200,0.4354,0.48116,0.91332,-0.2457,0.0080,1.0000,72.3789,160.0000
67.300,0.4337,0.48043,0.91349,-0.2460,0.0079,1.0000,72.4046,160.0000
67.400,0.4320,0.47969,0.91365,-0.2463,0.0079,1.0000,72.4312,160.0000
67.500,0.4302,0.47895,0.91380,-0.2465,0.0078,1.0000,72.4586,160.0000
67.600,0.4285,0.47821,0.91394,-0.2468,0.0078,1.0000,72.4867,160.0000
67.700,0.4268,0.47745,0.91408,-0.2470,0.0077,1.0000,72.5155,160.0000
67.800,0.4251,0.47669,0.91420,-0.2473,0.0077,1.0000,72.5448,160.0000
67.900,0.4234,0.47593,0.91431,-0.2475,0.0076,1.0000,72.5745,160.0000
68.000,0.4217,0.47516,0.91442,-0.2478,0.0075,1.0000,72.6045,160.0000
68.100,0.4199,0.47438,0.91451,-0.2480,0.0075,1.0000,72.6347,160.0000
68.200,0.4182,0.47360,0.91459,-0.2483,0.0074,1.0000,72.6648,160.0000
68.300,0.4165,0.47281,0.91466,-0.2485,0.0074,1.0000,72.6948,160.0000
68.400,0.4148,0.47202,0.91473,-0.2488,0.0073,1.0000,72.7243,160.0000
68.500,0.4130,0.47122,0.91478,-0.2490,0.0072,1.0000,72.7533,160.0000
68.600,0.4113,0.47042,0.91482,-0.2493,0.0072,1.0000,72.7814,160.0000
68.700,0.4096,0.46961,0.91485,-0.2495,0.0071,1.0000,72.8086,160.0000
68.800,0.4078,0.46880,0.91488,-0.2497,0.0071,1.0000,72.8347,160.0000
68.900,0.4061,0.46798,0.91489,-0.2500,0.0070,1.0000,72.8595,160.0000
69.000,0.4043,0.46717,0.91489,-0.2502,0.0070,1.0000,72.8837,160.0000
69.100,0.4026,0.46634,0.91488,-0.2505,0.0069,1.0000,72.9074,160.0000
69.200,0.4009,0.46552,0.91487,-0.2507,0.0069,1.0000,72.9304,160.0000
69.300,0.3991,0.46469,0.91484,-0.2509,0.0068,1.0000,72.9527,160.0000
69.400,0.3973,0.46387,0.91480,-0.2512,0.0068,1.0000,72.9738,160.0000
69.500,0.3956,0.46306,0.91476,-0.2514,0.0068,1.0000,72.9935,160.0000
70.300,0.3817,0.45667,0.91546,-0.2531,0.0067,1.0000,73.0560,160.0000
70.400,0.3800,0.45581,0.91540,-0.2533,0.0066,1.0000,73.0660,160.0000
70.500,0.3782,0.45495,0.91534,-0.2535,0.0066,1.0000,73.0769,160.0000
70.600,0.3765,0.45407,0.91526,-0.2537,0.0066,1.0000,73.0890,160.0000
70.700,0.3747,0.45320,0.91518,-0.2539,0.0066,1.0000,73.1022,160.0000
70.800,0.3730,0.45232,0.91509,-0.2541,0.0065,1.0000,73.1168,160.0000
70.900,0.3712,0.45143,0.91499,-0.2543,0.0065,1.0000,73.1327,160.0000
71.000,0.3695,0.45054,0.91488,-0.2545,0.0065,1.0000,73.1499,160.0000
71.100,0.3677,0.44965,0.91476,-0.2548,0.0065,1.0000,73.1685,160.0000
71.200,0.3660,0.44875,0.91463,-0.2550,0.0064,1.0000,73.1882,160.0000
71.300,0.3642,0.44785,0.91450,-0.2552,0.0064,1.0000,73.2089,160.0000
71.400,0.3625,0.44695,0.91435,-0.2554,0.0063,1.0000,73.2304,160.0000
71.500,0.3607,0.44604,0.91420,-0.2556,0.0063,1.0000,73.2524,160.0000
71.600,0.3590,0.44513,0.91405,-0.2558,0.0063,1.0000,73.2745,160.0000
71.700,0.3572,0.44422,0.91388,-0.2559,0.0062,1.0000,73.2971,160.0000
71.800,0.3555,0.44330,0.91371,-0.2561,0.0062,1.0000,73.3204,160.0000
71.900,0.3537,0.44238,0.91353,-0.2563,0.0061,1.0000,73.3443,160.0000
72.000,0.3520,0.44146,0.91335,-0.2565,0.0061,1.0000,73.3687,160.0000
72.100,0.3502,0.44053,0.91315,-0.2567,0.0061,1.0000,73.3935,160.0000
72.200,0.3485,0.43960,0.91295,-0.2569,0.0060,1.0000,73.4187,160.0000
72.300,0.3467,0.43867,0.91274,-0.2571,0.0060,1.0000,73.4442,160.0000
72.400,0.3450,0.43773,0.91252,-0.2573,0.0059,1.0000,73.4699,160.0000
72.500,0.3432,0.43679,0.91229,-0.2575,0.0059,1.0000,73.4957,160.0000
72.600,0.3415,0.43585,0.91205,-0.2576,0.0058,1.0000,73.5217,160.0000
72.700,0.3397,0.43490,0.91181,-0.2578,0.0058,1.0000,73.5477,160.0000
72.800,0.3380,0.43395,0.91156,-0.2580,0.0057,1.0000,73.5741,160.0000
72.900,0.3362,0.43300,0.91130,-0.2582,0.0057,1.0000,73.6011,160.0000
73.000,0.3345,0.43204,0.91103,-0.2584,0.0057,1.0000,73.6285,160.0000
73.100,0.3327,0.43108,0.91075,-0.2585,0.0056,1.0000,73.6564,160.0000
73.200,0.3309,0.43011,0.91046,-0.2587,0.0056,1.0000,73.6847,160.0000
73.300,0.3292,0.42915,0.91016,-0.2589,0.0055,1.0000,73.7133,160.0000
73.400,0.3274,0.42817,0.90985,-0.2591,0.0055,1.0000,73.7422,160.0000
73.500,0.3257,0.42720,0.90954,-0.2592,0.0054,1.0000,73.7712,160.0000
73.600,0.3239,0.42622,0.90921,-0.2594,0.0054,1.0000,73.8002,160.0000
73.700,0.3222,0.42524,0.90888,-0.2596,0.0053,1.0000,73.8291,160.0000
73.800,0.3204,0.42426,0.90853,-0.2597,0.0053,1.0000,73.8576,160.0000
73.900,0.3187,0.42327,0.90818,-0.2599,0.0052,1.0000,73.8856,160.0000
74.000,0.3169,0.42229,0.90782,-0.2601,0.0052,1.0000,73.9126,160.0000
74.100,0.3152,0.42131,0.90746,-0.2602,0.0051,1.0000,73.9386,160.0000
74.200,0.3134,0.42034,0.90710,-0.2604,0.0051,1.0000,73.9630,160.0000
74.300,0.3116,0.41937,0.90675,-0.2606,0.0050,1.0000,73.9855,160.0000
75.500,0.2907,0.40783,0.90299,-0.2622,0.0049,1.0000,74.0982,160.0000
75.600,0.2890,0.40680,0.90252,-0.2624,0.0049,1.0000,74.1095,160.0000
75.700,0.2872,0.40577,0.90206,-0.2625,0.0048,1.0000,74.1221,160.0000
75.800,0.2855,0.40475,0.90158,-0.2627,0.0048,1.0000,74.1359,160.0000
75.900,0.2838,0.40372,0.90110,-0.2628,0.0048,1.0000,74.1512,160.0000
76.000,0.2820,0.40269,0.90062,-0.2629,0.0048,1.0000,74.1680,160.0000
76.100,0.2803,0.40166,0.90013,-0.2631,0.0047,1.0000,74.1864,160.0000
76.200,0.2786,0.40063,0.89963,-0.2632,0.0047,1.0000,74.2065,160.0000
76.300,0.2768,0.39960,0.89913,-0.2633,0.0047,1.0000,74.2281,160.0000
76.400,0.2751,0.39857,0.89862,-0.2634,0.0046,1.0000,74.2512,160.0000
76.500,0.2734,0.39753,0.89810,-0.2636,0.0046,1.0000,74.2757,160.0000
76.600,0.2717,0.39650,0.89758,-0.2637,0.0046,1.0000,74.3014,160.0000
76.700,0.2699,0.39546,0.89705,-0.2638,0.0045,1.0000,74.3279,160.0000
76.800,0.2682,0.39442,0.89652,-0.2639,0.0045,1.0000,74.3549,160.0000
76.900,0.2665,0.39339,0.89598,-0.2640,0.0044,1.0000,74.3821,160.0000
77.000,0.2648,0.39235,0.89544,-0.2642,0.0044,1.0000,74.4092,160.0000
77.100,0.2630,0.39131,0.89489,-0.2643,0.0044,1.0000,74.4358,160.0000
77.200,0.2613,0.39026,0.89433,-0.2644,0.0043,1.0000,74.4621,160.0000
77.300,0.2596,0.38922,0.89376,-0.2645,0.0043,1.0000,74.4888,160.0000
77.400,0.2579,0.38818,0.89319,-0.2646,0.0042,1.0000,74.5156,160.0000
77.500,0.2562,0.38713,0.89262,-0.2647,0.0042,1.0000,74.5425,160.0000
77.600,0.2545,0.38609,0.89203,-0.2648,0.0042,1.0000,74.5695,160.0000
77.700,0.2527,0.38504,0.89144,-0.2649,0.0041,1.0000,74.5965,160.0000
77.800,0.2510,0.38399,0.89084,-0.2651,0.0041,1.0000,74.6235,160.0000
77.900,0.2493,0.38294,0.89023,-0.2652,0.0041,1.0000,74.6505,160.0000
78.000,0.2476,0.38189,0.88962,-0.2653,0.0040,1.0000,74.6773,160.0000
78.100,0.2459,0.38083,0.88900,-0.2654,0.0040,1.0000,74.7041,160.0000
78.200,0.2442,0.37978,0.88837,-0.2655,0.0039,1.0000,74.7307,160.0000
78.300,0.2425,0.37872,0.88774,-0.2656,0.0039,1.0000,74.7572,160.0000
78.400,0.2408,0.37767,0.88709,-0.2657,0.0039,1.0000,74.7839,160.0000
78.500,0.2391,0.37661,0.88644,-0.2658,0.0038,1.0000,74.8109,160.0000
78.600,0.2374,0.37555,0.88579,-0.2658,0.0038,1.0000,74.8382,160.0000
78.700,0.2357,0.37450,0.88513,-0.2659,0.0037,1.0000,74.8656,160.0000
78.800,0.2340,0.37344,0.88446,-0.2660,0.0037,1.0000,74.8931,160.0000
78.900,0.2323,0.37239,0.88380,-0.2661,0.0037,1.0000,74.9205,160.0000
79.000,0.2306,0.37134,0.88313,-0.2662,0.0036,1.0000,74.9476,160.0000
79.100,0.2289,0.37031,0.88249,-0.2663,0.0036,1.0000,74.9739,160.0000
79.200,0.2272,0.36930,0.88187,-0.2664,0.0036,1.0000,74.9991,160.0000
80.700,0.2021,0.35367,0.87166,-0.2674,0.0033,1.0000,75.1723,160.0000
80.800,0.2004,0.35259,0.87087,-0.2674,0.0033,1.0000,75.1867,160.0000
80.900,0.1988,0.35151,0.87006,-0.2675,0.0033,1.0000,75.2027,160.0000
81.000,0.1971,0.35044,0.86925,-0.2675,0.0033,1.0000,75.2202,160.0000
81.100,0.1955,0.34936,0.86844,-0.2676,0.0033,1.0000,75.2390,160.0000
81.200,0.1938,0.34829,0.86762,-0.2676,0.0032,1.0000,75.2593,160.0000
81.300,0.1922,0.34721,0.86679,-0.2677,0.0032,1.0000,75.2813,160.0000
81.400,0.1906,0.34613,0.86595,-0.2677,0.0032,1.0000,75.3048,160.0000
81.500,0.1889,0.34506,0.86511,-0.2678,0.0031,1.0000,75.3299,160.0000
81.600,0.1873,0.34398,0.86427,-0.2678,0.0031,1.0000,75.3565,160.0000
81.700,0.1857,0.34291,0.86342,-0.2679,0.0031,1.0000,75.3844,160.0000
81.800,0.1840,0.34183,0.86256,-0.2679,0.0030,1.0000,75.4134,160.0000
81.900,0.1824,0.34076,0.86170,-0.2680,0.0030,1.0000,75.4435,160.0000
82.000,0.1808,0.33968,0.86083,-0.2680,0.0030,1.0000,75.4745,160.0000
82.100,0.1791,0.33861,0.85996,-0.2680,0.0029,1.0000,75.5060,160.0000
82.200,0.1775,0.33753,0.85908,-0.2681,0.0029,1.0000,75.5379,160.0000
82.300,0.1759,0.33646,0.85820,-0.2681,0.0028,1.0000,75.5698,160.0000
82.400,0.1743,0.33538,0.85730,-0.2681,0.0028,1.0000,75.6016,160.0000
82.500,0.1727,0.33431,0.85641,-0.2682,0.0028,1.0000,75.6329,160.0000
82.600,0.1711,0.33324,0.85551,-0.2682,0.0027,1.0000,75.6634,160.0000
82.700,0.1695,0.33216,0.85460,-0.2682,0.0027,1.0000,75.6929,160.0000
82.800,0.1679,0.33109,0.85369,-0.2682,0.0027,1.0000,75.7216,160.0000
82.900,0.1663,0.33002,0.85277,-0.2683,0.0026,1.0000,75.7501,160.0000
83.000,0.1647,0.32895,0.85185,-0.2683,0.0026,1.0000,75.7784,160.0000
83.100,0.1631,0.32788,0.85093,-0.2683,0.0026,1.0000,75.8065,160.0000
83.200,0.1615,0.32681,0.85000,-0.2683,0.0025,1.0000,75.8344,160.0000
83.300,0.1599,0.32574,0.84907,-0.2684,0.0025,1.0000,75.8619,160.0000
83.400,0.1583,0.32468,0.84814,-0.2684,0.0025,1.0000,75.8890,160.0000
83.500,0.1567,0.32362,0.84721,-0.2684,0.0024,1.0000,75.9157,160.0000
83.600,0.1551,0.32257,0.84629,-0.2684,0.0024,1.0000,75.9418,160.0000
83.700,0.1535,0.32153,0.84539,-0.2684,0.0024,1.0000,75.9671,160.0000
83.800,0.1519,0.32052,0.84452,-0.2684,0.0024,1.0000,75.9915,160.0000
0.000,0.0000,0.02079,0.00828,-0.0000,1.0000,1.0000,1.0000,160.0000
0.000,0.0000,0.02079,0.00828,-0.0000,1.0000,1.0000,1.0000,160.0000
0.010,-0.0005,0.02079,0.00828,0.0002,1.0000,1.0000,1.0000,160.0000
0.020,-0.0011,0.02079,0.00828,0.0004,1.0000,1.0000,1.0000,160.0000
0.030,-0.0016,0.02079,0.00828,0.0006,1.0000,1.0000,1.0000,160.0000
0.040,-0.0022,0.02079,0.00828,0.0008,1.0000,1.0000,1.0000,160.0000
0.050,-0.0027,0.02079,0.00828,0.0010,1.0000,1.0000,1.0000,160.0000
0.060,-0.0032,0.02079,0.00828,0.0012,1.0000,1.0000,1.0000,160.0000
0.070,-0.0038,0.02079,0.00829,0.0014,1.0000,1.0000,1.0000,160.0000
0.080,-0.0043,0.02079,0.00829,0.0016,1.0000,1.0000,1.0000,160.0000
0.090,-0.0048,0.02080,0.00829,0.0018,1.0000,1.0000,1.0000,160.0000
0.100,-0.0054,0.02080,0.00829,0.0020,1.0000,1.0000,1.0000,160.0000
0.110,-0.0059,0.02080,0.00829,0.0022,1.0000,1.0000,1.0000,160.0000
0.120,-0.0064,0.02080,0.00829,0.0024,1.0000,1.0000,1.0000,160.0000
0.130,-0.0070,0.02080,0.00829,0.0026,1.0000,1.0000,1.0000,160.0000
0.140,-0.0075,0.02081,0.00830,0.0028,1.0000,1.0000,1.0000,160.0000
0.150,-0.0080,0.02081,0.00830,0.0030,1.0000,1.0000,1.0000,160.0000
0.160,-0.0085,0.02081,0.00830,0.0032,1.0000,1.0000,1.0000,160.0000
0.170,-0.0090,0.02081,0.00830,0.0033,1.0000,1.0000,1.0000,160.0000
0.180,-0.0095,0.02082,0.00830,0.0035,1.0000,1.0000,1.0000,160.0000
0.190,-0.0100,0.02082,0.00831,0.0037,1.0000,1.0000,1.0000,160.0000
0.200,-0.0105,0.02082,0.00831,0.0039,1.0000,1.0000,1.0000,160.0000
0.210,-0.0110,0.02083,0.00831,0.0041,1.0000,1.0000,1.0000,160.0000
0.220,-0.0115,0.02083,0.00831,0.0043,1.0000,1.0000,1.0000,160.0000
0.230,-0.0120,0.02083,0.00832,0.0045,1.0000,1.0000,1.0000,160.0000
0.240,-0.0125,0.02084,0.00832,0.0047,1.0000,1.0000,1.0000,160.0000
0.250,-0.0129,0.02084,0.00832,0.0049,1.0000,1.0000,1.0000,160.0000
0.260,-0.0134,0.02085,0.00833,0.0051,1.0000,1.0000,1.0000,160.0000
0.270,-0.0139,0.02085,0.00833,0.0052,1.0000,1.0000,1.0000,160.0000
0.280,-0.0143,0.02086,0.00833,0.0054,1.0000,1.0000,1.0000,160.0000
0.290,-0.0148,0.02086,0.00834,0.0056,1.0000,1.0000,1.0000,160.0000
0.300,-0.0152,0.02087,0.00834,0.0058,1.0000,1.0000,1.0000,160.0000
0.310,-0.0157,0.02087,0.00835,0.0060,1.0000,1.0000,1.0000,160.0000
0.320,-0.0161,0.02088,0.00835,0.0061,1.0000,1.0000,1.0000,160.0000
0.330,-0.0165,0.02088,0.00836,0.0063,1.0000,1.0000,1.0000,160.0000
0.340,-0.0169,0.02089,0.00836,0.0065,1.0000,1.0000,1.0000,160.0000
0.350,-0.0174,0.02090,0.00836,0.0067,1.0000,1.0000,1.0000,160.0000
0.360,-0.0178,0.02090,0.00837,0.0069,1.0000,1.0000,1.0000,160.0000
0.370,-0.0182,0.02091,0.00837,0.0070,1.0000,1.0000,1.0000,160.0000
0.380,-0.0186,0.02091,0.00838,0.0072,1.0000,1.0000,1.0000,160.0000
0.390,-0.0189,0.02092,0.00838,0.0074,1.0000,1.0000,1.0000,160.0000
0.400,-0.0193,0.02093,0.00839,0.0076,1.0000,1.0000,1.0000,160.0000
0.410,-0.0197,0.02094,0.00840,0.0077,1.0000,1.0000,1.0000,160.0000
0.420,-0.0201,0.02094,0.00840,0.0079,1.0000,1.0000,1.0000,160.0000
0.430,-0.0204,0.02095,0.00841,0.0081,1.0000,1.0000,1.0000,160.0000
0.440,-0.0208,0.02096,0.00841,0.0082,1.0000,1.0000,1.0000,160.0000
0.450,-0.0211,0.02097,0.00842,0.0084,1.0000,1.0000,1.0000,160.0000
0.460,-0.0214,0.02097,0.00843,0.0086,1.0000,1.0000,1.0000,160.0000
0.470,-0.0218,0.02098,0.00843,0.0087,1.0000,1.0000,1.0000,160.0000
0.480,-0.0221,0.02099,0.00844,0.0089,1.0000,1.0000,1.0000,160.0000
0.490,-0.0224,0.02100,0.00845,0.0090,1.0000,1.0000,1.0000,160.0000
0.500,-0.0227,0.02101,0.00845,0.0092,1.0000,1.0000,1.0000,160.0000
0.510,-0.0230,0.02102,0.00846,0.0094,1.0000,1.0000,1.0000,160.0000
0.520,-0.0233,0.02103,0.00847,0.0095,1.0000,1.0000,1.0000,160.0000
0.530,-0.0236,0.02104,0.00848,0.0097,1.0000,1.0000,1.0000,160.0000
0.540,-0.0238,0.02105,0.00848,0.0098,1.0000,1.0000,1.0000,160.0000
0.550,-0.0241,0.02106,0.00849,0.0100,1.0000,1.0000,1.0000,160.0000
0.560,-0.0243,0.02107,0.00850,0.0101,1.0000,1.0000,1.0000,160.0000
0.570,-0.0246,0.02108,0.00851,0.0103,1.0000,1.0000,1.0000,160.0000
0.580,-0.0248,0.02109,0.00852,0.0104,1.0000,1.0000,1.0000,160.0000
0.590,-0.0251,0.02110,0.00852,0.0106,1.0000,1.0000,1.0000,160.0000
0.600,-0.0253,0.02111,0.00853,0.0107,1.0000,1.0000,1.0000,160.0000
0.610,-0.0255,0.02112,0.00854,0.0108,1.0000,1.0000,1.0000,160.0000
0.620,-0.0257,0.02113,0.00855,0.0110,1.0000,1.0000,1.0000,160.0000
0.630,-0.0259,0.02114,0.00856,0.0111,1.0000,1.0000,1.0000,160.0000
0.640,-0.0261,0.02115,0.00857,0.0113,1.0000,1.0000,1.0000,160.0000
0.650,-0.0263,0.02116,0.00858,0.0114,1.0000,1.0000,1.0000,160.0000
0.660,-0.0265,0.02118,0.00859,0.0115,1.0000,1.0000,1.0000,160.0000
0.670,-0.0266,0.02119,0.00860,0.0117,1.0000,1.0000,1.0000,160.0000
0.680,-0.0268,0.02120,0.00861,0.0118,1.0000,1.0000,1.0000,160.0000
0.690,-0.0270,0.02121,0.00862,0.0119,1.0000,1.0000,1.0000,160.0000
0.700,-0.0271,0.02123,0.00863,0.0121,1.0000,1.0000,1.0000,160.0000
0.710,-0.0273,0.02124,0.00864,0.0122,1.0000,1.0000,1.0000,160.0000
0.720,-0.0274,0.02125,0.00865,0.0123,1.0000,1.0000,1.0000,160.0000
0.730,-0.0275,0.02127,0.00866,0.0125,1.0000,1.0000,1.0000,160.0000
0.740,-0.0277,0.02128,0.00867,0.0126,1.0000,1.0000,1.0000,160.0000
0.750,-0.0278,0.02129,0.00868,0.0127,1.0000,1.0000,1.0000,160.0000
0.760,-0.0279,0.02131,0.00869,0.0128,1.0000,1.0000,1.0000,160.0000
0.770,-0.0280,0.02132,0.00871,0.0130,1.0000,1.0000,1.0000,160.0000
0.780,-0.0281,0.02133,0.00872,0.0131,1.0000,1.0000,1.0000,160.0000
0.790,-0.0282,0.02135,0.00873,0.0132,1.0000,1.0000,1.0000,160.0000
0.800,-0.0283,0.02136,0.00874,0.0133,1.0000,1.0000,1.0000,160.0000
0.810,-0.0284,0.02138,0.00875,0.0134,1.0000,1.0000,1.0000,160.0000
0.820,-0.0285,0.02139,0.00877,0.0136,1.0000,1.0000,1.0000,160.0000
0.830,-0.0286,0.02141,0.00878,0.0137,1.0000,1.0000,1.0000,160.0000
0.840,-0.0286,0.02142,0.00879,0.0138,1.0000,1.0000,1.0000,160.0000
0.850,-0.0287,0.02144,0.00880,0.0139,1.0000,1.0000,1.0000,160.0000
0.860,-0.0287,0.02145,0.00882,0.0140,1.0000,1.0000,1.0000,160.0000
0.870,-0.0288,0.02147,0.00883,0.0141,1.0000,1.0000,1.0000,160.0000
0.880,-0.0288,0.02149,0.00884,0.0142,1.0000,1.0000,1.0000,160.0000
0.890,-0.0289,0.02150,0.00886,0.0144,1.0000,1.0000,1.0000,160.0000
0.900,-0.0289,0.02152,0.00887,0.0145,1.0000,1.0000,1.0000,160.0000
0.910,-0.0289,0.02153,0.00888,0.0146,1.0000,1.0000,1.0000,160.0000
0.920,-0.0289,0.02155,0.00890,0.0147,1.0000,1.0000,1.0000,160.0000
0.930,-0.0289,0.02157,0.00891,0.0148,1.0000,1.0000,1.0000,160.0000
0.940,-0.0289,0.02159,0.00893,0.0149,1.0000,1.0000,1.0000,160.0000
0.950,-0.0289,0.02160,0.00894,0.0150,1.0000,1.0000,1.0000,160.0000
0.960,-0.0289,0.02162,0.00896,0.0151,1.0000,1.0000,1.0000,160.0000
0.970,-0.0289,0.02164,0.00897,0.0152,1.0000,1.0000,1.0000,160.0000
0.980,-0.0289,0.02166,0.00899,0.0153,1.0000,1.0000,1.0000,160.0000
0.990,-0.0288,0.02167,0.00900,0.0154,1.0000,1.0000,1.0000,160.0000
1.000,-0.0288,0.02169,0.00902,0.0155,1.0000,1.0000,1.0000,160.0000
1.010,-0.0287,0.02171,0.00903,0.0156,1.0000,1.0000,1.0000,160.0000
1.020,-0.0287,0.02173,0.00905,0.0157,1.0000,1.0000,1.0000,160.0000
1.030,-0.0286,0.02175,0.00907,0.0157,1.0000,1.0000,1.0000,160.0000
1.040,-0.0285,0.02177,0.00908,0.0158,1.0000,1.0000,1.0000,160.0000
1.050,-0.0285,0.02179,0.00910,0.0159,1.0000,1.0000,1.0000,160.0000
1.060,-0.0284,0.02181,0.00912,0.0160,1.0000,1.0000,1.0000,160.0000
1.070,-0.0283,0.02183,0.00913,0.0161,1.0000,1.0000,1.0000,160.0000
1.080,-0.0282,0.02184,0.00915,0.0162,1.0000,1.0000,1.0000,160.0000
1.090,-0.0281,0.02187,0.00917,0.0163,1.0000,1.0000,1.0000,160.0000
1.100,-0.0280,0.02189,0.00918,0.0163,1.0000,1.0000,1.0000,160.0000
1.110,-0.0279,0.02191,0.00920,0.0164,1.0000,1.0000,1.0000,160.0000
1.120,-0.0278,0.02193,0.00922,0.0165,1.0000,1.0000,1.0000,160.0000
1.130,-0.0276,0.02195,0.00924,0.0166,1.0000,1.0000,1.0000,160.0000
1.140,-0.0275,0.02197,0.00926,0.0167,1.0000,1.0000,1.0000,160.0000
1.150,-0.0274,0.02199,0.00927,0.0167,1.0000,1.0000,1.0000,160.0000
1.160,-0.0272,0.02201,0.00929,0.0168,1.0000,1.0000,1.0000,160.0000
1.170,-0.0271,0.02203,0.00931,0.0169,1.0000,1.0000,1.0000,160.0000
1.180,-0.0269,0.02205,0.00933,0.0170,1.0000,1.0000,1.0000,160.0000
1.190,-0.0268,0.02208,0.00935,0.0170,1.0000,1.0000,1.0000,160.0000
1.200,-0.0266,0.02210,0.00937,0.0171,1.0000,1.0000,1.0000,160.0000
