0.000,0.0000,0.02079,0.00828,-0.0000,1.0000,1.0000,1.0000,160.0000
0.100,-0.0054,0.02080,0.00829,0.0020,1.0000,1.0000,1.0000,160.0000
0.200,-0.0105,0.02082,0.00831,0.0039,1.0000,1.0000,1.0000,160.0000
0.300,-0.0152,0.02087,0.00834,0.0058,1.0000,1.0000,1.0000,160.0000
0.400,-0.0193,0.02093,0.00839,0.0076,1.0000,1.0000,1.0000,160.0000
0.500,-0.0227,0.02101,0.00845,0.0092,1.0000,1.0000,1.0000,160.0000
0.600,-0.0253,0.02111,0.00853,0.0107,1.0000,1.0000,1.0000,160.0000
0.600,-0.0253,0.02111,0.00853,0.0107,1.0000,1.0000,1.0000,160.0000
0.100,-0.0054,0.02080,0.00829,0.0020,1.0000,1.0000,1.0000,160.0000
0.500,-0.0227,0.02101,0.00845,0.0092,1.0000,1.0000,1.0000,160.0000
0.100,-0.0054,0.02080,0.00829,0.0020,1.0000,1.0000,1.0000,160.0000
0.000,-0.0000,0.02079,0.00828,0.0000,1.0000,1.0000,1.0000,160.0000
0.100,-0.0054,0.02080,0.00829,0.0020,1.0000,1.0000,1.0000,160.0000
0.200,-0.0105,0.02082,0.00831,0.0039,1.0000,1.0000,1.0000,160.0000
0.300,-0.0152,0.02087,0.00834,0.0058,1.0000,1.0000,1.0000,160.0000
0.400,-0.0193,0.02093,0.00839,0.0076,1.0000,1.0000,1.0000,160.0000
0.500,-0.0227,0.02101,0.00845,0.0092,1.0000,1.0000,1.0000,160.0000
0.600,-0.0253,0.02111,0.00853,0.0107,1.0000,1.0000,1.0000,160.0000
0.700,-0.0271,0.02123,0.00863,0.0121,1.0000,1.0000,1.0000,160.0000
0.800,-0.0283,0.02136,0.00874,0.0133,1.0000,1.0000,1.0000,160.0000
0.900,-0.0289,0.02152,0.00887,0.0145,1.0000,1.0000,1.0000,160.0000
1.000,-0.0288,0.02169,0.00902,0.0155,1.0000,1.0000,1.0000,160.0000
1.100,-0.0280,0.02189,0.00918,0.0163,1.0000,1.0000,1.0000,160.0000
1.200,-0.0266,0.02210,0.00937,0.0171,1.0000,1.0000,1.0000,160.0000
1.300,-0.0247,0.02233,0.00958,0.0177,1.0000,1.0000,1.0000,160.0000
1.400,-0.0095,0.02267,0.00991,0.0159,0.9959,1.0000,1.4957,160.0000
1.500,0.0239,0.02314,0.01040,0.0110,0.9856,1.0000,2.5337,160.0000
1.600,0.0565,0.02356,0.01084,0.0063,0.9750,1.0000,3.4092,160.0000
1.700,0.0896,0.02393,0.01124,0.0016,0.9643,1.0000,4.1985,160.0000
1.800,0.1245,0.02424,0.01159,-0.0033,0.9534,1.0000,4.9478,160.0000
1.900,0.1535,0.02446,0.01185,-0.0070,0.9410,1.0000,5.7511,160.0000
2.000,0.1840,0.02464,0.01207,-0.0108,0.9287,1.0000,6.5223,160.0000
2.100,0.2199,0.02474,0.01223,-0.0155,0.9171,1.0000,7.2434,160.0000
2.200,0.2637,0.02470,0.01228,-0.0213,0.9055,1.0000,7.9500,160.0000
2.300,0.2941,0.02465,0.01230,-0.0246,0.8918,1.0000,8.7767,160.0000
2.400,0.3228,0.02454,0.01225,-0.0274,0.8783,1.0000,9.5942,160.0000
2.500,0.3519,0.02434,0.01211,-0.0300,0.8649,1.0000,10.4029,160.0000
2.600,0.3806,0.02406,0.01189,-0.0323,0.8517,1.0000,11.1943,160.0000
2.700,0.4070,0.02372,0.01160,-0.0340,0.8385,1.0000,11.9866,160.0000
2.800,0.4218,0.02360,0.01149,-0.0340,0.8237,1.0000,12.8723,160.0000
2.900,0.4356,0.02348,0.01137,-0.0337,0.8090,1.0000,13.7523,160.0000
3.000,0.4486,0.02336,0.01123,-0.0332,0.7945,1.0000,14.6221,160.0000
3.100,0.4608,0.02323,0.01109,-0.0325,0.7801,1.0000,15.4835,160.0000
3.200,0.4724,0.02310,0.01092,-0.0316,0.7659,1.0000,16.3356,160.0000
3.300,0.4836,0.02296,0.01074,-0.0306,0.7518,1.0000,17.1775,160.0000
3.400,0.4945,0.02281,0.01053,-0.0295,0.7379,1.0000,18.0132,160.0000
3.500,0.5028,0.02279,0.01045,-0.0282,0.7226,1.0000,18.9287,160.0000
3.600,0.5108,0.02278,0.01039,-0.0269,0.7071,1.0000,19.8540,160.0000
3.700,0.5188,0.02279,0.01032,-0.0256,0.6916,1.0000,20.7841,160.0000
3.800,0.5268,0.02280,0.01026,-0.0243,0.6759,1.0000,21.7216,160.0000
3.900,0.5347,0.02283,0.01019,-0.0229,0.6601,1.0000,22.6680,160.0000
4.000,0.5426,0.02287,0.01013,-0.0217,0.6442,1.0000,23.6234,160.0000
4.100,0.5504,0.02292,0.01008,-0.0204,0.6280,1.0000,24.5925,160.0000
4.200,0.5582,0.02299,0.01003,-0.0191,0.6116,1.0000,25.5776,160.0000
4.300,0.5659,0.02308,0.00999,-0.0179,0.5950,1.0000,26.5731,160.0000
4.400,0.5736,0.02318,0.00996,-0.0166,0.5781,1.0000,27.5856,160.0000
4.500,0.5812,0.02330,0.00993,-0.0154,0.5610,1.0000,28.6141,160.0000
4.600,0.5888,0.02343,0.00992,-0.0142,0.5438,1.0000,29.6502,160.0000
4.700,0.5963,0.02359,0.00992,-0.0131,0.5264,1.0000,30.6981,160.0000
4.800,0.6038,0.02376,0.00991,-0.0119,0.5088,1.0000,31.7562,160.0000
4.900,0.6113,0.02395,0.00993,-0.0108,0.4913,1.0000,32.8147,160.0000
5.000,0.6188,0.02416,0.00994,-0.0097,0.4737,1.0000,33.8761,160.0000
5.100,0.6263,0.02440,0.00997,-0.0087,0.4562,1.0000,34.9357,160.0000
5.200,0.6337,0.02466,0.01002,-0.0076,0.4389,1.0000,35.9867,160.0000
5.300,0.6408,0.02496,0.01014,-0.0066,0.4213,1.0000,37.0555,160.0000
5.400,0.6478,0.02529,0.01029,-0.0056,0.4040,1.0000,38.1094,160.0000
5.500,0.6550,0.02564,0.01044,-0.0047,0.3873,1.0000,39.1281,160.0000
5.600,0.6623,0.02600,0.01060,-0.0038,0.3711,1.0000,40.1172,160.0000
5.700,0.6697,0.02638,0.01074,-0.0029,0.3556,1.0000,41.0656,160.0000
5.800,0.6772,0.02679,0.01093,-0.0021,0.3409,1.0000,41.9717,160.0000
5.900,0.6842,0.02723,0.01125,-0.0012,0.3263,1.0000,42.8675,160.0000
6.000,0.6913,0.02771,0.01158,-0.0004,0.3126,1.0000,43.7187,160.0000
6.100,0.6987,0.02822,0.01193,0.0004,0.3000,1.0000,44.4954,160.0000
6.200,0.7068,0.02872,0.01217,0.0011,0.2888,1.0000,45.1932,160.0000
6.300,0.7147,0.02920,0.01243,0.0017,0.2777,1.0000,45.8873,160.0000
6.400,0.7216,0.02980,0.01298,0.0025,0.2671,1.0000,46.5514,160.0000
6.500,0.7304,0.03036,0.01322,0.0030,0.2582,1.0000,47.1101,160.0000
6.600,0.7374,0.03096,0.01380,0.0038,0.2488,1.0000,47.6966,160.0000
6.700,0.7456,0.03159,0.01419,0.0043,0.2409,1.0000,48.2003,160.0000
6.800,0.7530,0.03221,0.01474,0.0050,0.2329,1.0000,48.7065,160.0000
6.900,0.7616,0.03290,0.01513,0.0055,0.2263,1.0000,49.1265,160.0000
7.000,0.7681,0.03364,0.01592,0.0062,0.2193,1.0000,49.5697,160.0000
7.100,0.7780,0.03422,0.01604,0.0065,0.2132,1.0000,49.9639,160.0000
7.200,0.7833,0.03513,0.01711,0.0074,0.2077,1.0000,50.3181,160.0000
7.300,0.7908,0.03588,0.01778,0.0080,0.2023,1.0000,50.6648,160.0000
7.400,0.8012,0.03656,0.01790,0.0082,0.1972,1.0000,50.9891,160.0000
7.500,0.8051,0.03759,0.01920,0.0091,0.1930,1.0000,51.2646,160.0000
7.600,0.8111,0.03848,0.02010,0.0098,0.1885,1.0000,51.5552,160.0000
7.700,0.8200,0.03917,0.02052,0.0102,0.1843,1.0000,51.8290,160.0000
7.800,0.8283,0.04018,0.02114,0.0106,0.1810,1.0000,52.0496,160.0000
7.900,0.8307,0.04140,0.02262,0.0116,0.1781,1.0000,52.2357,160.0000
8.000,0.8345,0.04253,0.02385,0.0124,0.1750,1.0000,52.4418,160.0000
8.100,0.8407,0.04345,0.02468,0.0130,0.1717,1.0000,52.6617,160.0000
8.300,0.8572,0.04540,0.02583,0.0137,0.1660,1.0000,53.0384,160.0000
8.400,0.8575,0.04689,0.02756,0.0146,0.1646,1.0000,53.1285,160.0000
8.500,0.8577,0.04843,0.02926,0.0156,0.1632,1.0000,53.2224,160.0000
8.600,0.8577,0.04998,0.03092,0.0164,0.1618,1.0000,53.3181,160.0000
8.700,0.8576,0.05153,0.03253,0.0172,0.1604,1.0000,53.4148,160.0000
8.800,0.8577,0.05305,0.03406,0.0179,0.1589,1.0000,53.5125,160.0000
8.900,0.8585,0.05449,0.03548,0.0186,0.1574,1.0000,53.6117,160.0000
9.000,0.8608,0.05581,0.03669,0.0191,0.1558,1.0000,53.7174,160.0000
9.100,0.8675,0.05685,0.03742,0.0195,0.1540,1.0000,53.8432,160.0000
9.200,0.8838,0.05782,0.03737,0.0193,0.1515,1.0000,54.0064,160.0000
9.300,0.8804,0.05971,0.03931,0.0201,0.1514,1.0000,54.0184,160.0000
9.400,0.8761,0.06166,0.04128,0.0207,0.1513,1.0000,54.0245,160.0000
9.500,0.8713,0.06366,0.04327,0.0213,0.1512,1.0000,54.0266,160.0000
9.600,0.8661,0.06571,0.04527,0.0218,0.1513,1.0000,54.0249,160.0000
9.700,0.8607,0.06780,0.04727,0.0222,0.1513,1.0000,54.0198,160.0000
9.800,0.8551,0.06991,0.04927,0.0225,0.1515,1.0000,54.0122,160.0000
9.800,0.8551,0.06991,0.04927,0.0225,0.1514,1.0000,54.0122,160.0000
8.000,0.8345,0.04253,0.02385,0.0124,0.1750,1.0000,52.4417,160.0000
8.100,0.8407,0.04345,0.02468,0.0130,0.1717,1.0000,52.6617,160.0000
9.700,0.8607,0.06779,0.04727,0.0222,0.1513,1.0000,54.0199,160.0000
9.800,0.8551,0.06991,0.04927,0.0225,0.1515,1.0000,54.0122,160.0000
9.900,0.8496,0.07205,0.05126,0.0227,0.1516,1.0000,54.0027,160.0000
10.500,0.6794,0.10736,0.08749,0.0012,0.1973,1.0000,50.9887,160.0000
11.000,0.4773,0.13039,0.09673,-0.0106,0.3214,1.0000,43.1718,160.0000
11.250,0.4776,0.13334,0.09939,-0.0106,0.3117,1.0000,43.7724,160.0000
11.500,0.4806,0.13719,0.10241,-0.0108,0.3055,1.0000,44.1554,160.0000
11.750,0.4881,0.14043,0.10531,-0.0106,0.2939,1.0000,44.8760,160.0000
12.000,0.4781,0.14292,0.10747,-0.0108,0.2880,1.0000,45.2421,160.0000
12.250,0.4848,0.14612,0.11043,-0.0108,0.2787,1.0000,45.8224,160.0000
12.500,0.4865,0.14971,0.11337,-0.0111,0.2739,1.0000,46.1235,160.0000
12.750,0.4796,0.15121,0.11535,-0.0111,0.2647,1.0000,46.7012,160.0000
13.000,0.4914,0.15573,0.11891,-0.0113,0.2584,1.0000,47.0914,160.0000
13.250,0.4788,0.15617,0.12041,-0.0115,0.2501,1.0000,47.6200,160.0000
13.500,0.5097,0.16371,0.12568,-0.0116,0.2437,1.0000,48.0181,160.0000
13.750,0.4805,0.16118,0.12601,-0.0122,0.2388,1.0000,48.3303,160.0000
14.000,0.4898,0.16436,0.12925,-0.0122,0.2309,1.0000,48.8315,160.0000
14.250,0.4932,0.16757,0.13237,-0.0126,0.2267,1.0000,49.0997,160.0000
14.500,0.4828,0.16699,0.13408,-0.0132,0.2192,1.0000,49.5750,160.0000
14.750,0.5191,0.17702,0.14006,-0.0131,0.2125,1.0000,50.0054,160.0000
15.000,0.4897,0.17219,0.14024,-0.0140,0.2097,1.0000,50.1871,160.0000
15.250,0.4880,0.17328,0.14293,-0.0147,0.2031,1.0000,50.6117,160.0000
15.500,0.5217,0.18330,0.14871,-0.0144,0.1970,1.0000,51.0050,160.0000
15.750,0.4965,0.17883,0.14953,-0.0157,0.1946,1.0000,51.1624,160.0000
16.000,0.4947,0.17976,0.15236,-0.0166,0.1878,1.0000,51.6058,160.0000
16.250,0.5282,0.19013,0.15811,-0.0161,0.1818,1.0000,51.9970,160.0000
16.500,0.5069,0.18619,0.15948,-0.0177,0.1801,1.0000,52.1087,160.0000
16.750,0.5020,0.18645,0.16238,-0.0189,0.1750,1.0000,52.4459,160.0000
17.000,0.5092,0.18937,0.16595,-0.0193,0.1698,1.0000,52.7838,160.0000
17.250,0.5289,0.19700,0.17079,-0.0193,0.1663,1.0000,53.0198,160.0000
17.500,0.5137,0.19412,0.17303,-0.0212,0.1636,1.0000,53.1980,160.0000
17.750,0.5144,0.19558,0.17643,-0.0222,0.1580,1.0000,53.5716,160.0000
18.000,0.5266,0.19994,0.18036,-0.0223,0.1532,1.0000,53.8956,160.0000
18.250,0.5362,0.20515,0.18470,-0.0229,0.1512,1.0000,54.0315,160.0000
18.500,0.5261,0.20341,0.18763,-0.0248,0.1487,1.0000,54.1997,160.0000
18.750,0.5271,0.20502,0.19132,-0.0260,0.1444,1.0000,54.4939,160.0000
19.000,0.5336,0.20793,0.19513,-0.0266,0.1403,1.0000,54.7756,160.0000
19.250,0.5561,0.21748,0.20034,-0.0263,0.1369,1.0000,55.0064,160.0000
19.500,0.5431,0.21423,0.20309,-0.0283,0.1356,1.0000,55.0971,160.0000
19.750,0.5409,0.21479,0.20686,-0.0299,0.1318,1.0000,55.3673,160.0000
20.000,0.5450,0.21719,0.21078,-0.0309,0.1277,1.0000,55.6523,160.0000
20.250,0.5537,0.22102,0.21480,-0.0313,0.1245,1.0000,55.8766,160.0000
20.500,0.5689,0.22887,0.21978,-0.0315,0.1226,1.0000,56.0113,160.0000
20.750,0.5601,0.22670,0.22314,-0.0335,0.1216,1.0000,56.0870,160.0000
21.000,0.5586,0.22739,0.22723,-0.0352,0.1188,1.0000,56.2920,160.0000
21.250,0.5617,0.22962,0.23138,-0.0364,0.1153,1.0000,56.5491,160.0000
21.500,0.5677,0.23264,0.23544,-0.0371,0.1119,1.0000,56.7921,160.0000
21.750,0.5881,0.24284,0.24061,-0.0367,0.1091,1.0000,56.9981,160.0000
22.000,0.5798,0.24048,0.24411,-0.0388,0.1084,1.0000,57.0501,160.0000
22.250,0.5770,0.24053,0.24839,-0.0406,0.1066,1.0000,57.1898,160.0000
22.500,0.5790,0.24253,0.25281,-0.0420,0.1038,1.0000,57.4006,160.0000
22.750,0.5828,0.24508,0.25714,-0.0431,0.1011,1.0000,57.6076,160.0000
23.000,0.5881,0.24812,0.26139,-0.0440,0.0987,1.0000,57.7945,160.0000
23.250,0.5982,0.25372,0.26577,-0.0443,0.0966,1.0000,57.9558,160.0000
23.500,0.6023,0.25751,0.27042,-0.0454,0.0957,1.0000,58.0255,160.0000
23.750,0.5987,0.25689,0.27485,-0.0475,0.0946,1.0000,58.1166,160.0000
24.000,0.5996,0.25850,0.27955,-0.0491,0.0922,1.0000,58.3141,160.0000
24.250,0.6028,0.26097,0.28410,-0.0503,0.0895,1.0000,58.5324,160.0000
24.500,0.6070,0.26380,0.28853,-0.0514,0.0872,1.0000,58.7244,160.0000
24.750,0.6128,0.26738,0.29285,-0.0521,0.0853,1.0000,58.8814,160.0000
25.250,0.6220,0.27513,0.30217,-0.0542,0.0834,1.0000,59.0361,160.0000
25.500,0.6209,0.27569,0.30704,-0.0560,0.0825,1.0000,59.1158,160.0000
25.750,0.6224,0.27760,0.31199,-0.0576,0.0808,1.0000,59.2705,160.0000
26.000,0.6251,0.28012,0.31679,-0.0589,0.0787,1.0000,59.4606,160.0000
26.250,0.6286,0.28287,0.32143,-0.0601,0.0765,1.0000,59.6502,160.0000
26.500,0.6329,0.28599,0.32589,-0.0611,0.0746,1.0000,59.8239,160.0000
26.750,0.6403,0.29125,0.33023,-0.0616,0.0730,1.0000,59.9645,160.0000
27.000,0.6437,0.29501,0.33513,-0.0628,0.0724,1.0000,60.0202,160.0000
27.250,0.6426,0.29553,0.34019,-0.0647,0.0719,1.0000,60.0742,160.0000
27.500,0.6436,0.29730,0.34539,-0.0663,0.0708,1.0000,60.1822,160.0000
27.750,0.6458,0.29977,0.35045,-0.0678,0.0692,1.0000,60.3347,160.0000
28.000,0.6485,0.30248,0.35537,-0.0691,0.0676,1.0000,60.4942,160.0000
28.250,0.6515,0.30530,0.36018,-0.0703,0.0661,1.0000,60.6488,160.0000
28.500,0.6549,0.30831,0.36482,-0.0715,0.0646,1.0000,60.7979,160.0000
28.750,0.6595,0.31221,0.36922,-0.0723,0.0632,1.0000,60.9311,160.0000
29.250,0.6639,0.31820,0.37924,-0.0750,0.0620,1.0000,61.0575,160.0000
29.500,0.6648,0.32000,0.38468,-0.0767,0.0612,1.0000,61.1553,160.0000
29.700,0.6662,0.32198,0.38888,-0.0779,0.0602,1.0000,61.2664,160.0000
29.100,0.6644,0.31773,0.37601,-0.0738,0.0623,1.0000,61.0244,160.0000
29.200,0.6640,0.31799,0.37816,-0.0746,0.0622,1.0000,61.0447,160.0000
29.300,0.6640,0.31843,0.38033,-0.0753,0.0619,1.0000,61.0723,160.0000
29.400,0.6642,0.31915,0.38251,-0.0760,0.0616,1.0000,61.1089,160.0000
29.500,0.6648,0.31999,0.38467,-0.0767,0.0612,1.0000,61.1552,160.0000
29.600,0.6654,0.32095,0.38680,-0.0773,0.0607,1.0000,61.2090,160.0000
29.700,0.6662,0.32198,0.38888,-0.0779,0.0602,1.0000,61.2664,160.0000
29.800,0.6671,0.32300,0.39093,-0.0784,0.0597,1.0000,61.3249,160.0000
29.900,0.6680,0.32411,0.39297,-0.0790,0.0591,1.0000,61.3841,160.0000
30.000,0.6689,0.32523,0.39498,-0.0795,0.0586,1.0000,61.4434,160.0000
30.000,0.6689,0.32526,0.39498,-0.0795,0.0586,1.0000,61.4432,160.0000
30.100,0.6699,0.32638,0.39698,-0.0800,0.0581,1.0000,61.5018,160.0000
30.200,0.6709,0.32749,0.39896,-0.0805,0.0576,1.0000,61.5594,160.0000
30.300,0.6719,0.32863,0.40092,-0.0810,0.0571,1.0000,61.6155,160.0000
30.400,0.6729,0.32977,0.40286,-0.0815,0.0566,1.0000,61.6702,160.0000
30.500,0.6739,0.33097,0.40479,-0.0820,0.0561,1.0000,61.7232,160.0000
30.600,0.6750,0.33216,0.40669,-0.0825,0.0557,1.0000,61.7744,160.0000
30.700,0.6762,0.33340,0.40855,-0.0830,0.0552,1.0000,61.8235,160.0000
30.800,0.6774,0.33473,0.41038,-0.0834,0.0548,1.0000,61.8701,160.0000
30.900,0.6788,0.33621,0.41216,-0.0838,0.0544,1.0000,61.9139,160.0000
31.000,0.6806,0.33804,0.41389,-0.0841,0.0541,1.0000,61.9539,160.0000
31.400,0.6836,0.34295,0.42203,-0.0862,0.0534,1.0000,62.0354,160.0000
31.500,0.6836,0.34357,0.42427,-0.0869,0.0532,1.0000,62.0577,160.0000
31.600,0.6839,0.34428,0.42650,-0.0876,0.0530,1.0000,62.0876,160.0000
31.700,0.6843,0.34519,0.42873,-0.0882,0.0527,1.0000,62.1266,160.0000
31.800,0.6848,0.34616,0.43092,-0.0889,0.0523,1.0000,62.1750,160.0000
31.900,0.6854,0.34719,0.43306,-0.0894,0.0519,1.0000,62.2307,160.0000
32.000,0.6861,0.34826,0.43517,-0.0900,0.0514,1.0000,62.2905,160.0000
32.100,0.6868,0.34936,0.43724,-0.0906,0.0509,1.0000,62.3516,160.0000
32.200,0.6876,0.35048,0.43929,-0.0911,0.0504,1.0000,62.4122,160.0000
32.300,0.6883,0.35160,0.44132,-0.0917,0.0500,1.0000,62.4711,160.0000
32.400,0.6891,0.35272,0.44333,-0.0922,0.0495,1.0000,62.5276,160.0000
32.500,0.6899,0.35385,0.44533,-0.0927,0.0491,1.0000,62.5813,160.0000
32.600,0.6906,0.35499,0.44731,-0.0932,0.0487,1.0000,62.6335,160.0000
32.700,0.6914,0.35613,0.44927,-0.0937,0.0483,1.0000,62.6844,160.0000
32.800,0.6922,0.35728,0.45121,-0.0942,0.0479,1.0000,62.7339,160.0000
32.900,0.6931,0.35845,0.45312,-0.0947,0.0476,1.0000,62.7818,160.0000
33.000,0.6939,0.35965,0.45500,-0.0952,0.0472,1.0000,62.8279,160.0000
33.100,0.6948,0.36091,0.45685,-0.0957,0.0469,1.0000,62.8719,160.0000
33.300,0.6969,0.36383,0.46037,-0.0965,0.0463,1.0000,62.9500,160.0000
33.400,0.6984,0.36580,0.46207,-0.0968,0.0460,1.0000,62.9817,160.0000
33.800,0.6996,0.36970,0.47064,-0.0992,0.0456,1.0000,63.0425,160.0000
33.900,0.6999,0.37054,0.47290,-0.0998,0.0455,1.0000,63.0636,160.0000
34.000,0.7002,0.37145,0.47514,-0.1005,0.0453,1.0000,63.0908,160.0000
34.100,0.7005,0.37241,0.47735,-0.1011,0.0450,1.0000,63.1253,160.0000
34.200,0.7010,0.37343,0.47954,-0.1017,0.0448,1.0000,63.1675,160.0000
34.300,0.7015,0.37448,0.48168,-0.1022,0.0444,1.0000,63.2165,160.0000
34.400,0.7020,0.37556,0.48380,-0.1028,0.0441,1.0000,63.2705,160.0000
34.500,0.7025,0.37665,0.48588,-0.1034,0.0437,1.0000,63.3275,160.0000
34.600,0.7030,0.37775,0.48794,-0.1039,0.0433,1.0000,63.3858,160.0000
34.700,0.7035,0.37885,0.48997,-0.1044,0.0429,1.0000,63.4441,160.0000
34.800,0.7040,0.37995,0.49199,-0.1050,0.0425,1.0000,63.5016,160.0000
34.900,0.7046,0.38105,0.49399,-0.1055,0.0421,1.0000,63.5576,160.0000
35.000,0.7051,0.38216,0.49597,-0.1060,0.0418,1.0000,63.6117,160.0000
35.100,0.7056,0.38326,0.49793,-0.1065,0.0414,1.0000,63.6637,160.0000
35.200,0.7062,0.38437,0.49988,-0.1071,0.0411,1.0000,63.7131,160.0000
35.300,0.7067,0.38549,0.50180,-0.1076,0.0408,1.0000,63.7598,160.0000
35.400,0.7073,0.38662,0.50370,-0.1081,0.0405,1.0000,63.8043,160.0000
35.500,0.7078,0.38777,0.50556,-0.1086,0.0402,1.0000,63.8471,160.0000
35.600,0.7084,0.38898,0.50738,-0.1090,0.0399,1.0000,63.8879,160.0000
35.700,0.7090,0.39026,0.50914,-0.1095,0.0396,1.0000,63.9257,160.0000
35.800,0.7097,0.39171,0.51085,-0.1099,0.0394,1.0000,63.9597,160.0000
35.900,0.7107,0.39346,0.51249,-0.1102,0.0392,1.0000,63.9883,160.0000
36.300,0.7113,0.39724,0.52115,-0.1126,0.0389,1.0000,64.0428,160.0000
36.400,0.7114,0.39817,0.52337,-0.1132,0.0388,1.0000,64.0610,160.0000
36.500,0.7116,0.39913,0.52557,-0.1138,0.0387,1.0000,64.0834,160.0000
36.600,0.7119,0.40011,0.52775,-0.1144,0.0385,1.0000,64.1111,160.0000
36.700,0.7121,0.40113,0.52991,-0.1150,0.0383,1.0000,64.1448,160.0000
36.800,0.7124,0.40216,0.53204,-0.1156,0.0381,1.0000,64.1843,160.0000
36.900,0.7127,0.40321,0.53413,-0.1161,0.0378,1.0000,64.2291,160.0000
37.000,0.7130,0.40426,0.53621,-0.1167,0.0375,1.0000,64.2780,160.0000
37.100,0.7133,0.40532,0.53825,-0.1172,0.0372,1.0000,64.3297,160.0000
37.200,0.7135,0.40638,0.54028,-0.1178,0.0369,1.0000,64.3831,160.0000
37.300,0.7138,0.40744,0.54228,-0.1183,0.0366,1.0000,64.4372,160.0000
37.400,0.7141,0.40849,0.54427,-0.1188,0.0363,1.0000,64.4914,160.0000
37.500,0.7144,0.40955,0.54624,-0.1194,0.0360,1.0000,64.5451,160.0000
37.600,0.7146,0.41060,0.54820,-0.1199,0.0357,1.0000,64.5977,160.0000
37.700,0.7149,0.41164,0.55013,-0.1204,0.0354,1.0000,64.6490,160.0000
37.800,0.7152,0.41269,0.55205,-0.1209,0.0351,1.0000,64.6985,160.0000
37.900,0.7154,0.41374,0.55394,-0.1214,0.0348,1.0000,64.7461,160.0000
38.000,0.7157,0.41479,0.55581,-0.1219,0.0345,1.0000,64.7913,160.0000
38.100,0.7159,0.41585,0.55765,-0.1224,0.0343,1.0000,64.8339,160.0000
38.200,0.7162,0.41694,0.55945,-0.1229,0.0341,1.0000,64.8736,160.0000
38.300,0.7164,0.41807,0.56121,-0.1234,0.0338,1.0000,64.9107,160.0000
38.400,0.7167,0.41927,0.56291,-0.1239,0.0336,1.0000,64.9449,160.0000
38.500,0.7171,0.42062,0.56454,-0.1243,0.0335,1.0000,64.9749,160.0000
39.000,0.7173,0.42564,0.57488,-0.1271,0.0331,1.0000,65.0469,160.0000
39.100,0.7173,0.42655,0.57702,-0.1277,0.0330,1.0000,65.0644,160.0000
39.200,0.7173,0.42751,0.57914,-0.1282,0.0329,1.0000,65.0851,160.0000
39.300,0.7174,0.42847,0.58124,-0.1288,0.0328,1.0000,65.1094,160.0000
39.400,0.7174,0.42945,0.58332,-0.1293,0.0326,1.0000,65.1376,160.0000
39.500,0.7174,0.43043,0.58538,-0.1299,0.0325,1.0000,65.1700,160.0000
39.600,0.7175,0.43142,0.58741,-0.1304,0.0323,1.0000,65.2069,160.0000
39.700,0.7175,0.43241,0.58942,-0.1310,0.0321,1.0000,65.2476,160.0000
39.800,0.7176,0.43339,0.59141,-0.1315,0.0318,1.0000,65.2914,160.0000
39.900,0.7176,0.43438,0.59339,-0.1320,0.0316,1.0000,65.3377,160.0000
40.000,0.7176,0.43536,0.59534,-0.1326,0.0314,1.0000,65.3857,160.0000
40.100,0.7176,0.43634,0.59728,-0.1331,0.0311,1.0000,65.4347,160.0000
40.200,0.7176,0.43731,0.59920,-0.1336,0.0309,1.0000,65.4844,160.0000
40.300,0.7176,0.43828,0.60111,-0.1341,0.0306,1.0000,65.5341,160.0000
40.400,0.7176,0.43924,0.60300,-0.1347,0.0304,1.0000,65.5836,160.0000
40.500,0.7176,0.44020,0.60487,-0.1352,0.0301,1.0000,65.6325,160.0000
40.600,0.7176,0.44115,0.60673,-0.1357,0.0299,1.0000,65.6804,160.0000
40.700,0.7175,0.44209,0.60856,-0.1362,0.0296,1.0000,65.7270,160.0000
40.800,0.7175,0.44304,0.61037,-0.1367,0.0294,1.0000,65.7719,160.0000
40.900,0.7174,0.44399,0.61215,-0.1372,0.0292,1.0000,65.8149,160.0000
41.000,0.7174,0.44494,0.61391,-0.1377,0.0290,1.0000,65.8557,160.0000
41.100,0.7173,0.44592,0.61562,-0.1382,0.0288,1.0000,65.8937,160.0000
41.200,0.7172,0.44693,0.61729,-0.1387,0.0286,1.0000,65.9285,160.0000
41.300,0.7172,0.44801,0.61890,-0.1392,0.0285,1.0000,65.9595,160.0000
41.400,0.7172,0.44920,0.62044,-0.1396,0.0283,1.0000,65.9861,160.0000
42.000,0.7159,0.45449,0.63257,-0.1429,0.0280,1.0000,66.0649,160.0000
42.100,0.7157,0.45538,0.63458,-0.1434,0.0279,1.0000,66.0837,160.0000
42.200,0.7155,0.45625,0.63657,-0.1439,0.0278,1.0000,66.1054,160.0000
42.300,0.7153,0.45714,0.63854,-0.1445,0.0277,1.0000,66.1303,160.0000
42.400,0.7151,0.45802,0.64049,-0.1450,0.0276,1.0000,66.1582,160.0000
42.500,0.7148,0.45890,0.64242,-0.1455,0.0274,1.0000,66.1891,160.0000
42.600,0.7146,0.45978,0.64433,-0.1461,0.0273,1.0000,66.2226,160.0000
42.700,0.7144,0.46066,0.64622,-0.1466,0.0271,1.0000,66.2590,160.0000
42.800,0.7141,0.46153,0.64810,-0.1471,0.0269,1.0000,66.2980,160.0000
42.900,0.7139,0.46240,0.64996,-0.1476,0.0268,1.0000,66.3390,160.0000
43.000,0.7136,0.46326,0.65181,-0.1481,0.0266,1.0000,66.3816,160.0000
43.100,0.7133,0.46411,0.65364,-0.1486,0.0264,1.0000,66.4254,160.0000
43.200,0.7130,0.46496,0.65546,-0.1491,0.0262,1.0000,66.4701,160.0000
43.300,0.7128,0.46580,0.65726,-0.1497,0.0260,1.0000,66.5153,160.0000
43.400,0.7125,0.46663,0.65905,-0.1502,0.0258,1.0000,66.5608,160.0000
43.500,0.7121,0.46745,0.66083,-0.1507,0.0256,1.0000,66.6062,160.0000
43.600,0.7118,0.46827,0.66259,-0.1512,0.0254,1.0000,66.6512,160.0000
43.700,0.7115,0.46908,0.66433,-0.1517,0.0252,1.0000,66.6955,160.0000
43.800,0.7112,0.46989,0.66605,-0.1522,0.0250,1.0000,66.7388,160.0000
43.900,0.7108,0.47069,0.66774,-0.1527,0.0248,1.0000,66.7809,160.0000
44.000,0.7105,0.47149,0.66942,-0.1532,0.0246,1.0000,66.8213,160.0000
44.100,0.7101,0.47229,0.67106,-0.1537,0.0245,1.0000,66.8599,160.0000
44.200,0.7097,0.47310,0.67267,-0.1542,0.0243,1.0000,66.8962,160.0000
44.300,0.7093,0.47394,0.67423,-0.1546,0.0242,1.0000,66.9296,160.0000
44.400,0.7089,0.47481,0.67574,-0.1551,0.0240,1.0000,66.9595,160.0000
44.500,0.7085,0.47575,0.67719,-0.1556,0.0239,1.0000,66.9852,160.0000
45.200,0.7053,0.48103,0.69033,-0.1592,0.0236,1.0000,67.0727,160.0000
45.300,0.7048,0.48178,0.69217,-0.1597,0.0235,1.0000,67.0907,160.0000
45.400,0.7043,0.48252,0.69400,-0.1602,0.0234,1.0000,67.1111,160.0000
45.500,0.7038,0.48325,0.69581,-0.1607,0.0233,1.0000,67.1340,160.0000
45.600,0.7033,0.48398,0.69760,-0.1612,0.0232,1.0000,67.1594,160.0000
45.700,0.7028,0.48470,0.69937,-0.1617,0.0231,1.0000,67.1873,160.0000
45.800,0.7023,0.48542,0.70113,-0.1622,0.0230,1.0000,67.2172,160.0000
45.900,0.7018,0.48613,0.70287,-0.1627,0.0229,1.0000,67.2494,160.0000
46.000,0.7012,0.48684,0.70460,-0.1632,0.0228,1.0000,67.2839,160.0000
46.100,0.7007,0.48753,0.70631,-0.1637,0.0226,1.0000,67.3204,160.0000
46.200,0.7001,0.48823,0.70801,-0.1642,0.0225,1.0000,67.3585,160.0000
46.300,0.6996,0.48891,0.70970,-0.1647,0.0223,1.0000,67.3980,160.0000
46.400,0.6990,0.48959,0.71137,-0.1652,0.0222,1.0000,67.4385,160.0000
46.500,0.6984,0.49025,0.71303,-0.1657,0.0220,1.0000,67.4797,160.0000
46.600,0.6978,0.49091,0.71468,-0.1662,0.0218,1.0000,67.5214,160.0000
46.700,0.6972,0.49156,0.71631,-0.1667,0.0217,1.0000,67.5634,160.0000
46.800,0.6966,0.49220,0.71793,-0.1671,0.0215,1.0000,67.6052,160.0000
46.900,0.6960,0.49284,0.71954,-0.1676,0.0214,1.0000,67.6467,160.0000
47.000,0.6954,0.49346,0.72112,-0.1681,0.0212,1.0000,67.6877,160.0000
47.100,0.6948,0.49408,0.72270,-0.1686,0.0211,1.0000,67.7278,160.0000
47.200,0.6941,0.49469,0.72425,-0.1691,0.0209,1.0000,67.7669,160.0000
47.300,0.6935,0.49530,0.72578,-0.1696,0.0208,1.0000,67.8046,160.0000
47.400,0.6928,0.49590,0.72729,-0.1701,0.0206,1.0000,67.8407,160.0000
47.500,0.6921,0.49650,0.72877,-0.1705,0.0205,1.0000,67.8749,160.0000
47.600,0.6914,0.49710,0.73023,-0.1710,0.0204,1.0000,67.9069,160.0000
47.700,0.6907,0.49772,0.73164,-0.1715,0.0203,1.0000,67.9363,160.0000
47.800,0.6900,0.49836,0.73302,-0.1719,0.0202,1.0000,67.9631,160.0000
47.900,0.6892,0.49904,0.73434,-0.1724,0.0201,1.0000,67.9868,160.0000
48.800,0.6825,0.50407,0.74945,-0.1768,0.0197,1.0000,68.0962,160.0000
48.900,0.6818,0.50460,0.75106,-0.1772,0.0196,1.0000,68.1150,160.0000
49.000,0.6810,0.50512,0.75266,-0.1777,0.0195,1.0000,68.1359,160.0000
49.100,0.6802,0.50564,0.75424,-0.1782,0.0195,1.0000,68.1588,160.0000
49.200,0.6794,0.50615,0.75581,-0.1786,0.0194,1.0000,68.1842,160.0000
49.300,0.6786,0.50665,0.75737,-0.1791,0.0193,1.0000,68.2121,160.0000
49.400,0.6778,0.50714,0.75891,-0.1796,0.0192,1.0000,68.2425,160.0000
49.500,0.6769,0.50763,0.76043,-0.1801,0.0191,1.0000,68.2749,160.0000
49.600,0.6761,0.50810,0.76194,-0.1805,0.0190,1.0000,68.3093,160.0000
49.700,0.6753,0.50857,0.76344,-0.1810,0.0188,1.0000,68.3452,160.0000
49.800,0.6744,0.50903,0.76493,-0.1814,0.0187,1.0000,68.3823,160.0000
49.900,0.6735,0.50948,0.76640,-0.1819,0.0186,1.0000,68.4203,160.0000
50.000,0.6727,0.50992,0.76787,-0.1824,0.0185,1.0000,68.4590,160.0000
50.100,0.6718,0.51035,0.76931,-0.1828,0.0183,1.0000,68.4978,160.0000
50.200,0.6709,0.51078,0.77075,-0.1833,0.0182,1.0000,68.5367,160.0000
50.300,0.6700,0.51119,0.77218,-0.1838,0.0181,1.0000,68.5753,160.0000
50.400,0.6691,0.51160,0.77359,-0.1842,0.0179,1.0000,68.6133,160.0000
50.500,0.6682,0.51199,0.77498,-0.1847,0.0178,1.0000,68.6505,160.0000
50.600,0.6673,0.51238,0.77637,-0.1851,0.0177,1.0000,68.6867,160.0000
50.700,0.6664,0.51276,0.77774,-0.1856,0.0176,1.0000,68.7218,160.0000
50.800,0.6654,0.51313,0.77910,-0.1861,0.0175,1.0000,68.7554,160.0000
50.900,0.6645,0.51350,0.78044,-0.1865,0.0173,1.0000,68.7875,160.0000
51.000,0.6635,0.51386,0.78177,-0.1870,0.0172,1.0000,68.8184,160.0000
51.100,0.6625,0.51421,0.78307,-0.1874,0.0171,1.0000,68.8486,160.0000
51.200,0.6616,0.51456,0.78436,-0.1879,0.0170,1.0000,68.8780,160.0000
51.300,0.6606,0.51490,0.78562,-0.1883,0.0169,1.0000,68.9063,160.0000
51.400,0.6596,0.51525,0.78684,-0.1888,0.0169,1.0000,68.9334,160.0000
51.500,0.6586,0.51561,0.78804,-0.1892,0.0168,1.0000,68.9587,160.0000
51.600,0.6575,0.51599,0.78918,-0.1896,0.0167,1.0000,68.9817,160.0000
52.600,0.6473,0.51909,0.80341,-0.1941,0.0163,1.0000,69.0955,160.0000
52.700,0.6462,0.51936,0.80477,-0.1945,0.0163,1.0000,69.1138,160.0000
52.800,0.6451,0.51961,0.80611,-0.1950,0.0162,1.0000,69.1345,160.0000
52.900,0.6441,0.51986,0.80744,-0.1954,0.0162,1.0000,69.1575,160.0000
53.000,0.6430,0.52010,0.80875,-0.1958,0.0161,1.0000,69.1831,160.0000
53.100,0.6419,0.52034,0.81005,-0.1963,0.0160,1.0000,69.2109,160.0000
53.200,0.6408,0.52056,0.81133,-0.1967,0.0159,1.0000,69.2408,160.0000
53.300,0.6397,0.52077,0.81261,-0.1971,0.0158,1.0000,69.2724,160.0000
53.400,0.6386,0.52098,0.81386,-0.1976,0.0157,1.0000,69.3053,160.0000
53.500,0.6375,0.52117,0.81511,-0.1980,0.0156,1.0000,69.3390,160.0000
53.600,0.6363,0.52136,0.81634,-0.1984,0.0155,1.0000,69.3732,160.0000
53.700,0.6352,0.52154,0.81756,-0.1989,0.0154,1.0000,69.4074,160.0000
53.800,0.6340,0.52171,0.81877,-0.1993,0.0153,1.0000,69.4412,160.0000
53.900,0.6329,0.52187,0.81997,-0.1997,0.0152,1.0000,69.4744,160.0000
54.000,0.6317,0.52202,0.82116,-0.2001,0.0151,1.0000,69.5068,160.0000
54.100,0.6306,0.52216,0.82234,-0.2006,0.0150,1.0000,69.5380,160.0000
54.200,0.6294,0.52230,0.82351,-0.2010,0.0149,1.0000,69.5688,160.0000
54.300,0.6282,0.52243,0.82466,-0.2014,0.0148,1.0000,69.5995,160.0000
54.400,0.6270,0.52255,0.82581,-0.2018,0.0148,1.0000,69.6300,160.0000
54.500,0.6259,0.52265,0.82694,-0.2022,0.0147,1.0000,69.6603,160.0000
54.600,0.6247,0.52275,0.82806,-0.2027,0.0146,1.0000,69.6903,160.0000
54.700,0.6234,0.52285,0.82917,-0.2031,0.0145,1.0000,69.7201,160.0000
54.800,0.6222,0.52293,0.83027,-0.2035,0.0144,1.0000,69.7495,160.0000
54.900,0.6210,0.52300,0.83135,-0.2039,0.0143,1.0000,69.7786,160.0000
55.000,0.6198,0.52307,0.83242,-0.2043,0.0142,1.0000,69.8072,160.0000
55.100,0.6185,0.52313,0.83347,-0.2048,0.0141,1.0000,69.8353,160.0000
55.200,0.6173,0.52318,0.83451,-0.2052,0.0141,1.0000,69.8629,160.0000
55.300,0.6160,0.52322,0.83552,-0.2056,0.0140,1.0000,69.8897,160.0000
55.400,0.6148,0.52327,0.83651,-0.2060,0.0139,1.0000,69.9157,160.0000
55.500,0.6135,0.52331,0.83747,-0.2064,0.0138,1.0000,69.9405,160.0000
55.600,0.6122,0.52335,0.83840,-0.2068,0.0138,1.0000,69.9642,160.0000
55.700,0.6109,0.52341,0.83929,-0.2072,0.0137,1.0000,69.9862,160.0000
56.700,0.5980,0.52355,0.85064,-0.2112,0.0134,1.0000,70.1042,160.0000
56.800,0.5967,0.52351,0.85169,-0.2116,0.0133,1.0000,70.1226,160.0000
56.900,0.5954,0.52346,0.85272,-0.2120,0.0133,1.0000,70.1423,160.0000
57.000,0.5941,0.52341,0.85373,-0.2124,0.0132,1.0000,70.1633,160.0000
57.100,0.5927,0.52334,0.85474,-0.2128,0.0132,1.0000,70.1852,160.0000
57.200,0.5914,0.52327,0.85573,-0.2132,0.0131,1.0000,70.2076,160.0000
57.300,0.5900,0.52319,0.85670,-0.2135,0.0131,1.0000,70.2309,160.0000
57.400,0.5887,0.52310,0.85767,-0.2139,0.0130,1.0000,70.2552,160.0000
57.500,0.5873,0.52300,0.85862,-0.2143,0.0129,1.0000,70.2805,160.0000
57.600,0.5860,0.52289,0.85957,-0.2147,0.0129,1.0000,70.3065,160.0000
57.700,0.5846,0.52278,0.86050,-0.2151,0.0128,1.0000,70.3332,160.0000
57.800,0.5832,0.52266,0.86142,-0.2155,0.0127,1.0000,70.3604,160.0000
57.900,0.5818,0.52253,0.86234,-0.2158,0.0126,1.0000,70.3881,160.0000
58.000,0.5804,0.52239,0.86324,-0.2162,0.0126,1.0000,70.4160,160.0000
58.100,0.5790,0.52224,0.86413,-0.2166,0.0125,1.0000,70.4442,160.0000
58.200,0.5776,0.52208,0.86501,-0.2170,0.0124,1.0000,70.4724,160.0000
58.300,0.5762,0.52192,0.86589,-0.2174,0.0123,1.0000,70.5008,160.0000
58.400,0.5748,0.52175,0.86675,-0.2177,0.0123,1.0000,70.5292,160.0000
58.500,0.5734,0.52156,0.86760,-0.2181,0.0122,1.0000,70.5577,160.0000
58.600,0.5720,0.52137,0.86844,-0.2185,0.0121,1.0000,70.5866,160.0000
58.700,0.5706,0.52118,0.86927,-0.2189,0.0120,1.0000,70.6161,160.0000
58.800,0.5691,0.52097,0.87009,-0.2192,0.0120,1.0000,70.6460,160.0000
58.900,0.5677,0.52075,0.87089,-0.2196,0.0119,1.0000,70.6763,160.0000
59.000,0.5662,0.52053,0.87168,-0.2200,0.0118,1.0000,70.7069,160.0000
59.100,0.5648,0.52029,0.87246,-0.2203,0.0117,1.0000,70.7377,160.0000
59.200,0.5633,0.52005,0.87323,-0.2207,0.0116,1.0000,70.7685,160.0000
59.300,0.5619,0.51980,0.87397,-0.2211,0.0116,1.0000,70.7993,160.0000
59.400,0.5604,0.51954,0.87471,-0.2214,0.0115,1.0000,70.8298,160.0000
59.500,0.5589,0.51927,0.87542,-0.2218,0.0114,1.0000,70.8598,160.0000
59.600,0.5575,0.51899,0.87611,-0.2222,0.0113,1.0000,70.8891,160.0000
59.700,0.5560,0.51871,0.87679,-0.2225,0.0113,1.0000,70.9173,160.0000
59.800,0.5545,0.51843,0.87743,-0.2229,0.0112,1.0000,70.9440,160.0000
59.900,0.5529,0.51816,0.87805,-0.2233,0.0111,1.0000,70.9688,160.0000
60.000,0.5514,0.51790,0.87865,-0.2236,0.0111,1.0000,70.9910,160.0000
60.000,0.5514,0.51790,0.87865,-0.2236,0.0111,1.0000,70.9910,160.0000
61.200,0.5334,0.51428,0.88805,-0.2278,0.0108,1.0000,71.1066,160.0000
61.300,0.5318,0.51391,0.88873,-0.2281,0.0108,1.0000,71.1213,160.0000
61.400,0.5303,0.51355,0.88940,-0.2284,0.0107,1.0000,71.1372,160.0000
61.500,0.5288,0.51317,0.89005,-0.2288,0.0107,1.0000,71.1544,160.0000
61.600,0.5272,0.51279,0.89070,-0.2291,0.0106,1.0000,71.1732,160.0000
61.700,0.5257,0.51239,0.89133,-0.2294,0.0106,1.0000,71.1938,160.0000
61.800,0.5241,0.51199,0.89195,-0.2298,0.0105,1.0000,71.2159,160.0000
61.900,0.5225,0.51158,0.89257,-0.2301,0.0105,1.0000,71.2398,160.0000
62.000,0.5210,0.51117,0.89317,-0.2304,0.0104,1.0000,71.2651,160.0000
62.100,0.5194,0.51074,0.89376,-0.2307,0.0104,1.0000,71.2919,160.0000
62.200,0.5178,0.51031,0.89434,-0.2311,0.0103,1.0000,71.3199,160.0000
62.300,0.5163,0.50988,0.89491,-0.2314,0.0102,1.0000,71.3490,160.0000
62.400,0.5147,0.50943,0.89547,-0.2317,0.0102,1.0000,71.3788,160.0000
62.500,0.5131,0.50898,0.89602,-0.2320,0.0101,1.0000,71.4092,160.0000
62.600,0.5115,0.50852,0.89655,-0.2324,0.0100,1.0000,71.4398,160.0000
62.700,0.5099,0.50805,0.89708,-0.2327,0.0100,1.0000,71.4705,160.0000
62.800,0.5083,0.50757,0.89760,-0.2330,0.0099,1.0000,71.5009,160.0000
62.900,0.5067,0.50709,0.89811,-0.2333,0.0098,1.0000,71.5307,160.0000
63.000,0.5051,0.50660,0.89861,-0.2337,0.0098,1.0000,71.5599,160.0000
63.100,0.5035,0.50610,0.89910,-0.2340,0.0097,1.0000,71.5881,160.0000
63.200,0.5019,0.50560,0.89958,-0.2343,0.0096,1.0000,71.6153,160.0000
63.300,0.5003,0.50509,0.90005,-0.2346,0.0096,1.0000,71.6422,160.0000
63.400,0.4987,0.50457,0.90051,-0.2349,0.0095,1.0000,71.6690,160.0000
63.500,0.4971,0.50404,0.90096,-0.2352,0.0094,1.0000,71.6957,160.0000
63.600,0.4955,0.50351,0.90140,-0.2355,0.0094,1.0000,71.7221,160.0000
63.700,0.4938,0.50297,0.90182,-0.2358,0.0093,1.0000,71.7484,160.0000
63.800,0.4922,0.50242,0.90224,-0.2362,0.0093,1.0000,71.7744,160.0000
63.900,0.4906,0.50187,0.90264,-0.2365,0.0092,1.0000,71.8001,160.0000
64.000,0.4889,0.50131,0.90303,-0.2368,0.0091,1.0000,71.8254,160.0000
64.100,0.4873,0.50074,0.90341,-0.2371,0.0091,1.0000,71.8504,160.0000
64.200,0.4856,0.50017,0.90378,-0.2374,0.0090,1.0000,71.8750,160.0000
64.300,0.4840,0.49959,0.90413,-0.2377,0.0090,1.0000,71.8990,160.0000
64.400,0.4823,0.49901,0.90446,-0.2380,0.0089,1.0000,71.9225,160.0000
64.500,0.4807,0.49842,0.90478,-0.2383,0.0089,1.0000,71.9455,160.0000
64.600,0.4790,0.49784,0.90508,-0.2386,0.0088,1.0000,71.9677,160.0000
64.700,0.4773,0.49726,0.90536,-0.2389,0.0088,1.0000,71.9888,160.0000
65.800,0.4591,0.49078,0.90995,-0.2420,0.0086,1.0000,72.1009,160.0000
65.900,0.4574,0.49013,0.91026,-0.2423,0.0085,1.0000,72.1152,160.0000
66.000,0.4557,0.48948,0.91055,-0.2425,0.0085,1.0000,72.1300,160.0000
66.100,0.4540,0.48882,0.91084,-0.2428,0.0085,1.0000,72.1456,160.0000
66.200,0.4523,0.48815,0.91111,-0.2431,0.0084,1.0000,72.1622,160.0000
66.300,0.4507,0.48748,0.91137,-0.2434,0.0084,1.0000,72.1799,160.0000
66.400,0.4490,0.48680,0.91162,-0.2436,0.0083,1.0000,72.1987,160.0000
66.500,0.4473,0.48611,0.91187,-0.2439,0.0083,1.0000,72.2185,160.0000
66.600,0.4456,0.48542,0.91210,-0.2442,0.0083,1.0000,72.2392,160.0000
66.700,0.4439,0.48473,0.91233,-0.2444,0.0082,1.0000,72.2608,160.0000
66.800,0.4422,0.48402,0.91254,-0.2447,0.0082,1.0000,72.2831,160.0000
66.900,0.4405,0.48332,0.91275,-0.2450,0.0081,1.0000,72.3062,160.0000
67.000,0.4388,0.48260,0.91295,-0.2452,0.0081,1.0000,72.3299,160.0000
67.100,0.4371,0.48188,0.91314,-0.2455,0.0080,1.0000,72.3541,160.0000
67.200,0.4354,0.48116,0.91332,-0.2457,0.0080,1.0000,72.3789,160.0000
67.300,0.4337,0.48043,0.91349,-0.2460,0.0079,1.0000,72.4046,160.0000
67.400,0.4320,0.47969,0.91365,-0.2463,0.0079,1.0000,72.4312,160.0000
67.500,0.4302,0.47895,0.91380,-0.2465,0.0078,1.0000,72.4586,160.0000
67.600,0.4285,0.47821,0.91394,-0.2468,0.0078,1.0000,72.4867,160.0000
67.700,0.4268,0.47745,0.91408,-0.2470,0.0077,1.0000,72.5155,160.0000
67.800,0.4251,0.47669,0.91420,-0.2473,0.0077,1.0000,72.5448,160.0000
67.900,0.4234,0.47593,0.91431,-0.2475,0.0076,1.0000,72.5745,160.0000
68.000,0.4217,0.47516,0.91442,-0.2478,0.0075,1.0000,72.6045,160.0000
68.100,0.4199,0.47438,0.91451,-0.2480,0.0075,1.0000,72.6347,160.0000
68.200,0.4182,0.47360,0.91459,-0.2483,0.0074,1.0000,72.6648,160.0000
68.300,0.4165,0.47281,0.91466,-0.2485,0.0074,1.0000,72.6948,160.0000
68.400,0.4148,0.47202,0.91473,-0.2488,0.0073,1.0000,72.7243,160.0000
68.500,0.4130,0.47122,0.91478,-0.2490,0.0072,1.0000,72.7533,160.0000
68.600,0.4113,0.47042,0.91482,-0.2493,0.0072,1.0000,72.7814,160.0000
68.700,0.4096,0.46961,0.91485,-0.2495,0.0071,1.0000,72.8086,160.0000
68.800,0.4078,0.46880,0.91488,-0.2497,0.0071,1.0000,72.8347,160.0000
68.900,0.4061,0.46798,0.91489,-0.2500,0.0070,1.0000,72.8595,160.0000
69.000,0.4043,0.46717,0.91489,-0.2502,0.0070,1.0000,72.8837,160.0000
69.100,0.4026,0.46634,0.91488,-0.2505,0.0069,1.0000,72.9074,160.0000
69.200,0.4009,0.46552,0.91487,-0.2507,0.0069,1.0000,72.9304,160.0000
69.300,0.3991,0.46469,0.91484,-0.2509,0.0068,1.0000,72.9527,160.0000
69.400,0.3973,0.46387,0.91480,-0.2512,0.0068,1.0000,72.9738,160.0000
69.500,0.3956,0.46306,0.91476,-0.2514,0.0068,1.0000,72.9935,160.0000
70.300,0.3817,0.45667,0.91546,-0.2531,0.0067,1.0000,73.0560,160.0000
70.400,0.3800,0.45581,0.91540,-0.2533,0.0066,1.0000,73.0660,160.0000
70.500,0.3782,0.45495,0.91534,-0.2535,0.0066,1.0000,73.0769,160.0000
70.600,0.3765,0.45407,0.91526,-0.2537,0.0066,1.0000,73.0890,160.0000
70.700,0.3747,0.45320,0.91518,-0.2539,0.0066,1.0000,73.1022,160.0000
70.800,0.3730,0.45232,0.91509,-0.2541,0.0065,1.0000,73.1168,160.0000
70.900,0.3712,0.45143,0.91499,-0.2543,0.0065,1.0000,73.1327,160.0000
71.000,0.3695,0.45054,0.91488,-0.2545,0.0065,1.0000,73.1499,160.0000
71.100,0.3677,0.44965,0.91476,-0.2548,0.0065,1.0000,73.1685,160.0000
71.200,0.3660,0.44875,0.91463,-0.2550,0.0064,1.0000,73.1882,160.0000
71.300,0.3642,0.44785,0.91450,-0.2552,0.0064,1.0000,73.2089,160.0000
71.400,0.3625,0.44695,0.91435,-0.2554,0.0063,1.0000,73.2304,160.0000
71.500,0.3607,0.44604,0.91420,-0.2556,0.0063,1.0000,73.2524,160.0000
71.600,0.3590,0.44513,0.91405,-0.2558,0.0063,1.0000,73.2745,160.0000
71.700,0.3572,0.44422,0.91388,-0.2559,0.0062,1.0000,73.2971,160.0000
71.800,0.3555,0.44330,0.91371,-0.2561,0.0062,1.0000,73.3204,160.0000
71.900,0.3537,0.44238,0.91353,-0.2563,0.0061,1.0000,73.3443,160.0000
72.000,0.3520,0.44146,0.91335,-0.2565,0.0061,1.0000,73.3687,160.0000
72.100,0.3502,0.44053,0.91315,-0.2567,0.0061,1.0000,73.3935,160.0000
72.200,0.3485,0.43960,0.91295,-0.2569,0.0060,1.0000,73.4187,160.0000
72.300,0.3467,0.43867,0.91274,-0.2571,0.0060,1.0000,73.4442,160.0000
72.400,0.3450,0.43773,0.91252,-0.2573,0.0059,1.0000,73.4699,160.0000
72.500,0.3432,0.43679,0.91229,-0.2575,0.0059,1.0000,73.4957,160.0000
72.600,0.3415,0.43585,0.91205,-0.2576,0.0058,1.0000,73.5217,160.0000
72.700,0.3397,0.43490,0.91181,-0.2578,0.0058,1.0000,73.5477,160.0000
72.800,0.3380,0.43395,0.91156,-0.2580,0.0057,1.0000,73.5741,160.0000
72.900,0.3362,0.43300,0.91130,-0.2582,0.0057,1.0000,73.6011,160.0000
73.000,0.3345,0.43204,0.91103,-0.2584,0.0057,1.0000,73.6285,160.0000
73.100,0.3327,0.43108,0.91075,-0.2585,0.0056,1.0000,73.6564,160.0000
73.200,0.3309,0.43011,0.91046,-0.2587,0.0056,1.0000,73.6847,160.0000
73.300,0.3292,0.42915,0.91016,-0.2589,0.0055,1.0000,73.7133,160.0000
73.400,0.3274,0.42817,0.90985,-0.2591,0.0055,1.0000,73.7422,160.0000
73.500,0.3257,0.42720,0.90954,-0.2592,0.0054,1.0000,73.7712,160.0000
73.600,0.3239,0.42622,0.90921,-0.2594,0.0054,1.0000,73.8002,160.0000
73.700,0.3222,0.42524,0.90888,-0.2596,0.0053,1.0000,73.8291,160.0000
73.800,0.3204,0.42426,0.90853,-0.2597,0.0053,1.0000,73.8576,160.0000
73.900,0.3187,0.42327,0.90818,-0.2599,0.0052,1.0000,73.8856,160.0000
74.000,0.3169,0.42229,0.90782,-0.2601,0.0052,1.0000,73.9126,160.0000
74.100,0.3152,0.42131,0.90746,-0.2602,0.0051,1.0000,73.9386,160.0000
74.200,0.3134,0.42034,0.90710,-0.2604,0.0051,1.0000,73.9630,160.0000
74.300,0.3116,0.41937,0.90675,-0.2606,0.0050,1.0000,73.9855,160.0000
75.500,0.2907,0.40783,0.90299,-0.2622,0.0049,1.0000,74.0982,160.0000
75.600,0.2890,0.40680,0.90252,-0.2624,0.0049,1.0000,74.1095,160.0000
75.700,0.2872,0.40577,0.90206,-0.2625,0.0048,1.0000,74.1221,160.0000
75.800,0.2855,0.40475,0.90158,-0.2627,0.0048,1.0000,74.1359,160.0000
75.900,0.2838,0.40372,0.90110,-0.2628,0.0048,1.0000,74.1512,160.0000
76.000,0.2820,0.40269,0.90062,-0.2629,0.0048,1.0000,74.1680,160.0000
76.100,0.2803,0.40166,0.90013,-0.2631,0.0047,1.0000,74.1864,160.0000
76.200,0.2786,0.40063,0.89963,-0.2632,0.0047,1.0000,74.2065,160.0000
76.300,0.2768,0.39960,0.89913,-0.2633,0.0047,1.0000,74.2281,160.0000
76.400,0.2751,0.39857,0.89862,-0.2634,0.0046,1.0000,74.2512,160.0000
76.500,0.2734,0.39753,0.89810,-0.2636,0.0046,1.0000,74.2757,160.0000
76.600,0.2717,0.39650,0.89758,-0.2637,0.0046,1.0000,74.3014,160.0000
76.700,0.2699,0.39546,0.89705,-0.2638,0.0045,1.0000,74.3279,160.0000
76.800,0.2682,0.39442,0.89652,-0.2639,0.0045,1.0000,74.3549,160.0000
76.900,0.2665,0.39339,0.89598,-0.2640,0.0044,1.0000,74.3821,160.0000
77.000,0.2648,0.39235,0.89544,-0.2642,0.0044,1.0000,74.4092,160.0000
77.100,0.2630,0.39131,0.89489,-0.2643,0.0044,1.0000,74.4358,160.0000
77.200,0.2613,0.39026,0.89433,-0.2644,0.0043,1.0000,74.4621,160.0000
77.300,0.2596,0.38922,0.89376,-0.2645,0.0043,1.0000,74.4888,160.0000
77.400,0.2579,0.38818,0.89319,-0.2646,0.0042,1.0000,74.5156,160.0000
77.500,0.2562,0.38713,0.89262,-0.2647,0.0042,1.0000,74.5425,160.0000
77.600,0.2545,0.38609,0.89203,-0.2648,0.0042,1.0000,74.5695,160.0000
77.700,0.2527,0.38504,0.89144,-0.2649,0.0041,1.0000,74.5965,160.0000
77.800,0.2510,0.38399,0.89084,-0.2651,0.0041,1.0000,74.6235,160.0000
77.900,0.2493,0.38294,0.89023,-0.2652,0.0041,1.0000,74.6505,160.0000
78.000,0.2476,0.38189,0.88962,-0.2653,0.0040,1.0000,74.6773,160.0000
78.100,0.2459,0.38083,0.88900,-0.2654,0.0040,1.0000,74.7041,160.0000
78.200,0.2442,0.37978,0.88837,-0.2655,0.0039,1.0000,74.7307,160.0000
78.300,0.2425,0.37872,0.88774,-0.2656,0.0039,1.0000,74.7572,160.0000
78.400,0.2408,0.37767,0.88709,-0.2657,0.0039,1.0000,74.7839,160.0000
78.500,0.2391,0.37661,0.88644,-0.2658,0.0038,1.0000,74.8109,160.0000
78.600,0.2374,0.37555,0.88579,-0.2658,0.0038,1.0000,74.8382,160.0000
78.700,0.2357,0.37450,0.88513,-0.2659,0.0037,1.0000,74.8656,160.0000
78.800,0.2340,0.37344,0.88446,-0.2660,0.0037,1.0000,74.8931,160.0000
78.900,0.2323,0.37239,0.88380,-0.2661,0.0037,1.0000,74.9205,160.0000
79.000,0.2306,0.37134,0.88313,-0.2662,0.0036,1.0000,74.9476,160.0000
79.100,0.2289,0.37031,0.88249,-0.2663,0.0036,1.0000,74.9739,160.0000
79.200,0.2272,0.36930,0.88187,-0.2664,0.0036,1.0000,74.9991,160.0000
80.700,0.2021,0.35367,0.87166,-0.2674,0.0033,1.0000,75.1723,160.0000
80.800,0.2004,0.35259,0.87087,-0.2674,0.0033,1.0000,75.1867,160.0000
80.900,0.1988,0.35151,0.87006,-0.2675,0.0033,1.0000,75.2027,160.0000
81.000,0.1971,0.35044,0.86925,-0.2675,0.0033,1.0000,75.2202,160.0000
81.100,0.1955,0.34936,0.86844,-0.2676,0.0033,1.0000,75.2390,160.0000
81.200,0.1938,0.34829,0.86762,-0.2676,0.0032,1.0000,75.2593,160.0000
81.300,0.1922,0.34721,0.86679,-0.2677,0.0032,1.0000,75.2813,160.0000
81.400,0.1906,0.34613,0.86595,-0.2677,0.0032,1.0000,75.3048,160.0000
81.500,0.1889,0.34506,0.86511,-0.2678,0.0031,1.0000,75.3299,160.0000
81.600,0.1873,0.34398,0.86427,-0.2678,0.0031,1.0000,75.3565,160.0000
81.700,0.1857,0.34291,0.86342,-0.2679,0.0031,1.0000,75.3844,160.0000
81.800,0.1840,0.34183,0.86256,-0.2679,0.0030,1.0000,75.4134,160.0000
81.900,0.1824,0.34076,0.86170,-0.2680,0.0030,1.0000,75.4435,160.0000
82.000,0.1808,0.33968,0.86083,-0.2680,0.0030,1.0000,75.4745,160.0000
82.100,0.1791,0.33861,0.85996,-0.2680,0.0029,1.0000,75.5060,160.0000
82.200,0.1775,0.33753,0.85908,-0.2681,0.0029,1.0000,75.5379,160.0000
82.300,0.1759,0.33646,0.85820,-0.2681,0.0028,1.0000,75.5698,160.0000
82.400,0.1743,0.33538,0.85730,-0.2681,0.0028,1.0000,75.6016,160.0000
82.500,0.1727,0.33431,0.85641,-0.2682,0.0028,1.0000,75.6329,160.0000
82.600,0.1711,0.33324,0.85551,-0.2682,0.0027,1.0000,75.6634,160.0000
82.700,0.1695,0.33216,0.85460,-0.2682,0.0027,1.0000,75.6929,160.0000
82.800,0.1679,0.33109,0.85369,-0.2682,0.0027,1.0000,75.7216,160.0000
82.900,0.1663,0.33002,0.85277,-0.2683,0.0026,1.0000,75.7501,160.0000
83.000,0.1647,0.32895,0.85185,-0.2683,0.0026,1.0000,75.7784,160.0000
83.100,0.1631,0.32788,0.85093,-0.2683,0.0026,1.0000,75.8065,160.0000
83.200,0.1615,0.32681,0.85000,-0.2683,0.0025,1.0000,75.8344,160.0000
83.300,0.1599,0.32574,0.84907,-0.2684,0.0025,1.0000,75.8619,160.0000
83.400,0.1583,0.32468,0.84814,-0.2684,0.0025,1.0000,75.8890,160.0000
83.500,0.1567,0.32362,0.84721,-0.2684,0.0024,1.0000,75.9157,160.0000
83.600,0.1551,0.32257,0.84629,-0.2684,0.0024,1.0000,75.9418,160.0000
83.700,0.1535,0.32153,0.84539,-0.2684,0.0024,1.0000,75.9671,160.0000
83.800,0.1519,0.32052,0.84452,-0.2684,0.0024,1.0000,75.9915,160.0000
